time_s,raw_az_m_s2,filtered_rms_m_s2,requested_m_s,baseline_m_s,adaptive_m_s,speed_scale,state
0.0,9.80665,0.0,0.0,0.0,0.0,1.0,imu_warming_up_or_low_rate
0.02,9.8488663962751,0.025411344640535696,0.0,0.0,0.0,1.0,imu_warming_up_or_low_rate
0.04,9.8518913526233,0.03280820545199274,0.0,0.0,0.0,1.0,imu_warming_up_or_low_rate
0.06,9.812916661678214,0.028649449395585537,0.0,0.0,0.0,1.0,imu_warming_up_or_low_rate
0.08,9.76812433786121,0.028659113232364343,0.0,0.0,0.0,1.0,imu_warming_up_or_low_rate
0.1,9.759097174185241,0.03314321386197601,0.0,0.0,0.0,1.0,imu_warming_up_or_low_rate
0.12,9.794215505641757,0.032341300529534336,0.0,0.0,0.0,1.0,imu_warming_up_or_low_rate
0.14,9.840877355296433,0.03079566994404067,0.0,0.0,0.0,1.0,imu_warming_up_or_low_rate
0.16,9.855764362536434,0.03227006439837527,0.0,0.0,0.0,1.0,imu_warming_up_or_low_rate
0.18,9.825056227634233,0.03175097657525195,0.0,0.0,0.0,1.0,imu_warming_up_or_low_rate
0.2,9.777260737385376,0.030691636080882125,0.0,0.0,0.0,1.0,imu_warming_up_or_low_rate
0.22,9.756748663578586,0.03213023733524601,0.0,0.0,0.0,1.0,imu_warming_up_or_low_rate
0.24,9.782562316294914,0.03230225120422079,0.0,0.0,0.0,1.0,imu_warming_up_or_low_rate
0.26,9.830737683705085,0.03124618018668072,0.0,0.0,0.0,1.0,imu_warming_up_or_low_rate
0.28,9.856551336421413,0.031931451309901264,0.0,0.0,0.0,1.0,imu_warming_up_or_low_rate
0.3,9.836039262614623,0.03214654526706612,0.0,0.0,0.0,1.0,imu_warming_up_or_low_rate
0.32,9.788243772365766,0.03126393349614578,0.0,0.0,0.0,1.0,imu_warming_up_or_low_rate
0.34,9.757535637463565,0.03180302839431162,0.0,0.0,0.0,1.0,imu_warming_up_or_low_rate
0.36,9.772422644703566,0.032268632568663844,0.0,0.0,0.0,1.0,imu_warming_up_or_low_rate
0.38,9.819084494358242,0.031522536020507835,0.0,0.0,0.0,1.0,imu_warming_up_or_low_rate
0.4,9.854202825814758,0.0317316294225781,0.0,0.0,0.0,1.0,imu_warming_up_or_low_rate
0.42,9.84517566213879,0.0321967617540384,0.0,0.0,0.0,1.0,imu_warming_up_or_low_rate
0.44,9.800383338321785,0.031587505221033124,0.0,0.0,0.0,1.0,imu_warming_up_or_low_rate
0.46,9.7614086473767,0.031656533679946766,0.0,0.0,0.0,1.0,imu_warming_up_or_low_rate
0.48,9.764433603724898,0.0321954359299886,0.0,0.0,0.0,1.0,imu_warming_up_or_low_rate
0.5,9.80665,0.03173722393779654,0.0,0.0,0.0,1.0,imu_warming_up_or_low_rate
0.52,9.8488663962751,0.03185806426907003,0.0,0.0,0.0,1.0,imu_warming_up_or_low_rate
0.54,9.8518913526233,0.03208118247747639,0.0,0.0,0.0,1.0,imu_warming_up_or_low_rate
0.56,9.812916661678214,0.03216352108879314,0.0,0.0,0.0,1.0,imu_warming_up_or_low_rate
0.58,9.76812433786121,0.03214657666069948,0.0,0.0,0.0,1.0,imu_warming_up_or_low_rate
0.6,9.759097174185241,0.0322385633883344,0.0,0.0,0.0,1.0,imu_warming_up_or_low_rate
0.62,9.794215505641757,0.03156408371816623,0.0,0.0,0.0,1.0,imu_warming_up_or_low_rate
0.64,9.840877355296433,0.03174275075085447,0.0,0.0,0.0,1.0,imu_warming_up_or_low_rate
0.66,9.855764362536434,0.031956025616368344,0.0,0.0,0.0,1.0,imu_warming_up_or_low_rate
0.68,9.825056227634233,0.032020616612275093,0.0,0.0,0.0,1.0,imu_warming_up_or_low_rate
0.7,9.777260737385376,0.0318827611352861,0.0,0.0,0.0,1.0,imu_warming_up_or_low_rate
0.72,9.756748663578586,0.032264148479441736,0.0,0.0,0.0,1.0,imu_warming_up_or_low_rate
0.74,9.782562316294914,0.0317436115291006,0.0,0.0,0.0,1.0,imu_warming_up_or_low_rate
0.76,9.830737683705085,0.03165319118284584,0.0,0.0,0.0,1.0,imu_warming_up_or_low_rate
0.78,9.856551336421413,0.03219137705238695,0.0,0.0,0.0,1.0,imu_warming_up_or_low_rate
0.8,9.836039262614623,0.03195856501479009,0.0,0.0,0.0,1.0,imu_warming_up_or_low_rate
0.82,9.788243772365766,0.03170847046866197,0.0,0.0,0.0,1.0,imu_warming_up_or_low_rate
0.84,9.757535637463565,0.032213504145738286,0.0,0.0,0.0,1.0,imu_warming_up_or_low_rate
0.86,9.772422644703564,0.03192314243797817,0.0,0.0,0.0,1.0,imu_warming_up_or_low_rate
0.88,9.819084494358242,0.03159267646949627,0.0,0.0,0.0,1.0,imu_warming_up_or_low_rate
0.9,9.854202825814758,0.03212394884184581,0.0,0.0,0.0,1.0,imu_warming_up_or_low_rate
0.92,9.84517566213879,0.03193180255314551,0.0,0.0,0.0,1.0,imu_warming_up_or_low_rate
0.94,9.800383338321785,0.03162448509947252,0.0,0.0,0.0,1.0,imu_warming_up_or_low_rate
0.96,9.7614086473767,0.03209778628355885,0.0,0.0,0.0,1.0,imu_warming_up_or_low_rate
0.98,9.764433603724898,0.032080592213526715,0.0,0.0,0.0,1.0,imu_warming_up_or_low_rate
1.0,9.80665,0.03158961002913545,0.0,0.0,0.0,1.0,imu_warming_up_or_low_rate
1.02,9.8488663962751,0.032000568015482386,0.0,0.0,0.0,1.0,imu_warming_up_or_low_rate
1.04,9.8518913526233,0.0321422576189937,0.0,0.0,0.0,1.0,imu_warming_up_or_low_rate
1.06,9.812916661678214,0.031631781477396904,0.0,0.0,0.0,1.0,imu_warming_up_or_low_rate
1.08,9.76812433786121,0.031920338545781655,0.0,0.0,0.0,1.0,imu_warming_up_or_low_rate
1.1,9.759097174185241,0.031912236773097194,0.0,0.0,0.0,1.0,imu_warming_up_or_low_rate
1.12,9.794215505641757,0.03190834247703412,0.0,0.0,0.0,1.0,imu_warming_up_or_low_rate
1.14,9.840877355296433,0.031850438890750024,0.0,0.0,0.0,1.0,imu_warming_up_or_low_rate
1.16,9.855764362536434,0.032215266577324125,0.0,0.0,0.0,1.0,imu_warming_up_or_low_rate
1.18,9.825056227634233,0.031718391620398696,0.0,0.0,0.0,1.0,imu_warming_up_or_low_rate
1.2,9.777260737385376,0.031786199568414955,0.0,0.0,0.0,1.0,imu_warming_up_or_low_rate
1.22,9.756748663578586,0.03222801025372473,0.0,0.0,0.0,1.0,imu_warming_up_or_low_rate
1.24,9.782562316294914,0.03177947024917348,0.0,0.0,0.0,1.0,imu_warming_up_or_low_rate
1.26,9.830737683705085,0.031712048403184895,0.0,0.0,0.0,1.0,imu_warming_up_or_low_rate
1.28,9.856551336421413,0.03221545621930254,0.0,0.0,0.0,1.0,imu_warming_up_or_low_rate
1.3,9.836039262614623,0.03185744584953871,0.0,0.0,0.0,1.0,imu_warming_up_or_low_rate
1.32,9.788243772365766,0.031916975456047936,0.0,0.0,0.0,1.0,imu_warming_up_or_low_rate
1.34,9.757535637463565,0.03191533984267085,0.0,0.0,0.0,1.0,imu_warming_up_or_low_rate
1.36,9.772422644703566,0.03191387978388732,0.0,0.0,0.0,1.0,imu_warming_up_or_low_rate
1.38,9.819084494358242,0.031621441988570406,0.0,0.0,0.0,1.0,imu_warming_up_or_low_rate
1.4,9.854202825814758,0.032141589907005955,0.0,0.0,0.0,1.0,imu_warming_up_or_low_rate
1.42,9.84517566213879,0.03201180478199429,0.0,0.0,0.0,1.0,imu_warming_up_or_low_rate
1.44,9.800383338321785,0.031604183810533204,0.0,0.0,0.0,1.0,imu_warming_up_or_low_rate
1.46,9.7614086473767,0.03208317690061941,0.0,0.0,0.0,1.0,imu_warming_up_or_low_rate
1.48,9.764433603724898,0.032082131362153286,0.0,0.0,0.0,1.0,imu_warming_up_or_low_rate
1.5,9.80665,0.03160250187745178,0.0,0.0,0.0,1.0,imu_warming_up_or_low_rate
1.52,9.848866396275099,0.03201126324987601,0.0,0.0,0.0,1.0,imu_warming_up_or_low_rate
1.54,9.8518913526233,0.03214229733312189,0.0,0.0,0.0,1.0,imu_warming_up_or_low_rate
1.56,9.812916661678216,0.03162323244520542,0.0,0.0,0.0,1.0,imu_warming_up_or_low_rate
1.58,9.76812433786121,0.031935311296035926,0.0,0.0,0.0,1.0,imu_warming_up_or_low_rate
1.6,9.759097174185241,0.03218813143042776,0.0,0.0,0.0,1.0,imu_warming_up_or_low_rate
1.62,9.794215505641757,0.03166062406017439,0.0,0.0,0.0,1.0,imu_warming_up_or_low_rate
1.64,9.840877355296433,0.0318562882458338,0.0,0.0,0.0,1.0,imu_warming_up_or_low_rate
1.66,9.855764362536434,0.03221665501068317,0.0,0.0,0.0,1.0,imu_warming_up_or_low_rate
1.68,9.825056227634233,0.03171510141470613,0.0,0.0,0.0,1.0,imu_warming_up_or_low_rate
1.7,9.777260737385376,0.0317819628789055,0.0,0.0,0.0,1.0,imu_warming_up_or_low_rate
1.72,9.756748663578586,0.03222656914509121,0.0,0.0,0.0,1.0,imu_warming_up_or_low_rate
1.74,9.782562316294914,0.03178139278137746,0.0,0.0,0.0,1.0,imu_warming_up_or_low_rate
1.76,9.830737683705085,0.03171501463378733,0.0,0.0,0.0,1.0,imu_warming_up_or_low_rate
1.78,9.856551336421413,0.0322167329932112,0.0,0.0,0.0,1.0,imu_warming_up_or_low_rate
1.8,9.836039262614623,0.031856351029664075,0.0,0.0,0.0,1.0,imu_warming_up_or_low_rate
1.82,9.788243772365766,0.03166116432267762,0.0,0.0,0.0,1.0,imu_warming_up_or_low_rate
1.84,9.757535637463565,0.03218826931581676,0.0,0.0,0.0,1.0,imu_warming_up_or_low_rate
1.86,9.772422644703566,0.03193459132272747,0.0,0.0,0.0,1.0,imu_warming_up_or_low_rate
1.88,9.819084494358242,0.03162284807630664,0.0,0.0,0.0,1.0,imu_warming_up_or_low_rate
1.9,9.854202825814758,0.032142458708892326,0.0,0.0,0.0,1.0,imu_warming_up_or_low_rate
1.92,9.84517566213879,0.032011542548065784,0.0,0.0,0.0,1.0,imu_warming_up_or_low_rate
1.94,9.800383338321785,0.03160323832803531,0.0,0.0,0.0,1.0,imu_warming_up_or_low_rate
1.96,9.7614086473767,0.032082497584372635,0.0,0.0,0.0,1.0,imu_warming_up_or_low_rate
1.98,9.764433603724898,0.032082216175832436,0.0,0.0,0.0,1.0,imu_warming_up_or_low_rate
2.02,9.848866396275099,0.0320117784732682,0.0,0.0,0.0,1.0,commanded_stop
2.04,9.8518913526233,0.0321423048372141,0.0,0.0,0.0,1.0,commanded_stop
2.06,9.812916661678216,0.03162283070998226,0.0,0.0,0.0,1.0,commanded_stop
2.08,9.76812433786121,0.031934927794005655,0.0,0.0,0.0,1.0,commanded_stop
2.1,9.759097174185241,0.03218807962811518,0.0,0.0,0.0,1.0,commanded_stop
2.12,9.794215505641757,0.03166087713227425,0.0,0.0,0.0,1.0,commanded_stop
2.14,9.840877355296433,0.031915114114416554,0.0,0.0,0.0,1.0,commanded_stop
2.16,9.855764362536434,0.0319151266657588,0.0,0.0,0.0,1.0,commanded_stop
2.18,9.825056227634233,0.03191513387699023,0.0,0.0,0.0,1.0,commanded_stop
2.2,9.777260737385376,0.03191513088190429,0.25,0.0004000000000000007,0.0004000000000000007,1.0,normal
2.22,9.756748663578586,0.03191512238913297,0.25,0.0012000000000000023,0.0012000000000000023,1.0,normal
2.24,9.782562316294914,0.03191511667929708,0.25,0.0024000000000000046,0.0024000000000000046,1.0,normal
2.26,9.830737683705085,0.031715155938095214,0.25,0.003999999999999963,0.003999999999999963,1.0,normal
2.28,9.856551336421413,0.03221679395041226,0.25,0.005999999999999958,0.005999999999999958,1.0,normal
2.3,9.836039262614625,0.03185629925377827,0.25,0.008399999999999953,0.008399999999999953,1.0,normal
2.32,9.788243772365766,0.03166106628081523,0.25,0.01119999999999995,0.01119999999999995,1.0,normal
2.34,9.757535637463565,0.032188217977363695,0.25,0.014399999999999946,0.014399999999999946,1.0,normal
2.36,9.772422644703564,0.031934618401392306,0.25,0.017999999999999943,0.017999999999999943,1.0,normal
2.38,9.819084494358242,0.03162291496653781,0.25,0.021999999999999943,0.021999999999999943,1.0,normal
2.4,9.854202825814758,0.0321425000536748,0.25,0.02639999999999994,0.02639999999999994,1.0,normal
2.42,9.84517566213879,0.03201153014460812,0.25,0.03119999999999994,0.03119999999999994,1.0,normal
2.44,9.800383338321785,0.03160319345243745,0.25,0.03619999999999994,0.03619999999999994,1.0,normal
2.46,9.7614086473767,0.032082465344350365,0.25,0.041199999999999945,0.041199999999999945,1.0,normal
2.48,9.764433603724898,0.032082220231594336,0.25,0.04619999999999995,0.04619999999999995,1.0,normal
2.5,9.80665,0.031603153076319154,0.25,0.051199999999999954,0.051199999999999954,1.0,normal
2.52,9.848866396275099,0.03201180296683012,0.25,0.05619999999999996,0.05619999999999996,1.0,normal
2.54,9.8518913526233,0.03214230520640155,0.25,0.06119999999999996,0.06119999999999996,1.0,normal
2.56,9.812916661678214,0.03162281163409086,0.25,0.06619999999999997,0.06619999999999997,1.0,normal
2.58,9.76812433786121,0.03193490958209741,0.25,0.07119999999999997,0.07119999999999997,1.0,normal
2.6,9.759097174185241,0.03218807717315326,0.25,0.07619999999999998,0.07619999999999998,1.0,normal
2.62,9.794215505641755,0.03166088916017126,0.25,0.08119999999999998,0.08119999999999998,1.0,normal
2.64,9.840877355296435,0.031856581073382316,0.25,0.08619999999999998,0.08619999999999998,1.0,normal
2.66,9.855764362536434,0.032216725468293544,0.25,0.09119999999999999,0.09119999999999999,1.0,normal
2.68,9.825056227634233,0.031714938751630235,0.25,0.0962,0.0962,1.0,normal
2.7,9.777260737385376,0.03178175287114294,0.25,0.1012,0.1012,1.0,normal
2.72,9.756748663578586,0.03222649808151639,0.25,0.1062,0.1062,1.0,normal
2.74,9.782562316294914,0.03178148897548933,0.25,0.11120000000000001,0.11120000000000001,1.0,normal
2.76,9.830737683705085,0.03171516265212444,0.25,0.1161999999999999,0.1161999999999999,1.0,normal
2.78,9.856551336421413,0.03221679684707751,0.25,0.1211999999999999,0.1211999999999999,1.0,normal
2.8,9.836039262614623,0.03185629679451622,0.25,0.12619999999999992,0.12619999999999992,1.0,normal
2.82,9.788243772365766,0.03166106162340371,0.25,0.13119999999999993,0.13119999999999993,1.0,normal
2.84,9.757535637463565,0.03218821553867246,0.25,0.13619999999999993,0.13619999999999993,1.0,normal
2.86,9.772422644703564,0.03193461968811875,0.25,0.14119999999999994,0.14119999999999994,1.0,normal
2.88,9.819084494358242,0.03162291814459787,0.25,0.14619999999999994,0.14619999999999994,1.0,normal
2.9,9.854202825814758,0.0321425020180625,0.25,0.15119999999999995,0.15119999999999995,1.0,normal
2.92,9.84517566213879,0.03201152955546139,0.25,0.15619999999999995,0.15619999999999995,1.0,normal
2.94,9.800383338321785,0.03160319132055872,0.25,0.16119999999999995,0.16119999999999995,1.0,normal
2.96,9.761408647376697,0.03208246381274817,0.25,0.16619999999999996,0.16619999999999996,1.0,normal
2.98,9.764433603724898,0.03208222042433737,0.25,0.17119999999999996,0.17119999999999996,1.0,normal
3.0,9.80665,0.031603154480440904,0.25,0.17619999999999997,0.17619999999999997,1.0,normal
3.02,9.848866396275099,0.03201180413052047,0.25,0.18119999999999997,0.18119999999999997,1.0,normal
3.04,9.851891352623301,0.03214230522396972,0.25,0.18619999999999998,0.18619999999999998,1.0,normal
3.06,9.812916661678214,0.031622810727845,0.25,0.19119999999999998,0.19119999999999998,1.0,normal
3.08,9.76812433786121,0.03193490871689312,0.25,0.19619999999999999,0.19619999999999999,1.0,normal
3.1,9.759097174185241,0.032188077056535334,0.25,0.2012,0.2012,1.0,normal
3.12,9.794215505641755,0.031660889731610374,0.25,0.2062,0.2062,1.0,normal
3.14,9.840877355296435,0.03185658170451429,0.25,0.2112,0.2112,1.0,normal
3.16,9.855764362536434,0.03221672562024781,0.25,0.2162,0.2162,1.0,normal
3.18,9.825056227634233,0.031714938401250795,0.25,0.2212,0.2212,1.0,normal
3.2,9.777260737385376,0.03178175241872521,0.25,0.226,0.226,1.0,normal
3.22,9.756748663578586,0.032226497928462945,0.25,0.23040000000000002,0.23040000000000002,1.0,normal
3.24,9.782562316294914,0.03178148918281166,0.25,0.23440000000000003,0.23440000000000003,1.0,normal
3.26,9.830737683705085,0.03171516297110041,0.25,0.23799999999999996,0.23799999999999996,1.0,normal
3.28,9.856551336421413,0.03221679698469544,0.25,0.24119999999999997,0.24119999999999997,1.0,normal
3.3,9.836039262614623,0.031856296677681285,0.25,0.24399999999999997,0.24399999999999997,1.0,normal
3.32,9.788243772365766,0.03166106140213759,0.25,0.24639999999999998,0.24639999999999998,1.0,normal
3.34,9.757535637463565,0.03218821542281452,0.25,0.24839999999999998,0.24839999999999998,1.0,normal
3.36,9.772422644703564,0.03193461974925,0.25,0.25,0.25,1.0,normal
3.38,9.819084494358242,0.031622918295583516,0.25,0.25,0.25,1.0,normal
3.4,9.854202825814758,0.03214250211138819,0.25,0.25,0.25,1.0,normal
3.42,9.84517566213879,0.032011529527472375,0.25,0.25,0.25,1.0,normal
3.44,9.800383338321785,0.03160319121927678,0.25,0.25,0.25,1.0,normal
3.46,9.7614086473767,0.03208246373998436,0.25,0.25,0.25,1.0,normal
3.48,9.764433603724898,0.03208222043349449,0.25,0.25,0.25,1.0,normal
3.5,9.80665,0.03160315454714876,0.25,0.25,0.25,1.0,normal
3.52,9.848866396275099,0.03201180418580581,0.25,0.25,0.25,1.0,normal
3.54,9.851891352623301,0.03214230522480455,0.25,0.25,0.25,1.0,normal
3.56,9.812916661678214,0.03162281068479077,0.25,0.25,0.25,1.0,normal
3.58,9.76812433786121,0.03193490867578869,0.25,0.25,0.25,1.0,normal
3.6,9.759097174185241,0.03218807705099514,0.25,0.25,0.25,1.0,normal
3.62,9.794215505641755,0.03166088975875876,0.25,0.25,0.25,1.0,normal
3.64,9.840877355296435,0.03185658173449862,0.25,0.25,0.25,1.0,normal
3.66,9.855764362536434,0.032216725627467184,0.25,0.25,0.25,1.0,normal
3.68,9.825056227634233,0.03171493838460504,0.25,0.25,0.25,1.0,normal
3.7,9.777260737385376,0.03178175239723174,0.25,0.25,0.25,1.0,normal
3.72,9.756748663578586,0.03222649792119171,0.25,0.25,0.25,1.0,normal
3.74,9.782562316294914,0.03178148919266127,0.25,0.25,0.25,1.0,normal
3.76,9.830737683705085,0.03171516298625454,0.25,0.25,0.25,1.0,normal
3.78,9.856551336421413,0.03221679699123359,0.25,0.25,0.25,1.0,normal
3.8,9.836039262614623,0.03185629667213083,0.25,0.25,0.25,1.0,normal
3.82,9.788243772365766,0.031661061391625785,0.25,0.25,0.25,1.0,normal
3.84,9.757535637463565,0.03218821541731032,0.25,0.25,0.25,1.0,normal
3.86,9.772422644703564,0.03193461975215407,0.25,0.25,0.25,1.0,normal
3.88,9.819084494358242,0.03162291830275637,0.25,0.25,0.25,1.0,normal
3.9,9.854202825814758,0.0321425021158218,0.25,0.25,0.25,1.0,normal
3.92,9.84517566213879,0.03201152952614258,0.25,0.25,0.25,1.0,normal
3.94,9.800383338321785,0.031603191214464886,0.25,0.25,0.25,1.0,normal
3.96,9.7614086473767,0.03208246373652732,0.25,0.25,0.25,1.0,normal
3.98,9.764433603724898,0.032082220433929456,0.25,0.25,0.25,1.0,normal
4.0,9.80665,0.031603154550317904,0.25,0.25,0.25,1.0,normal
4.02,9.848866396275099,0.03201180418843227,0.25,0.25,0.25,1.0,normal
4.04,9.851891352623301,0.03214230522484412,0.25,0.25,0.25,1.0,normal
4.06,9.812916661678216,0.0316228106827452,0.25,0.25,0.25,1.0,normal
4.08,9.76812433786121,0.03193490867383576,0.25,0.25,0.25,1.0,normal
4.1,9.759097174185241,0.032188077050731845,0.25,0.25,0.25,1.0,normal
4.12,9.794215505641755,0.031660889760048425,0.25,0.25,0.25,1.0,normal
4.14,9.840877355296433,0.03185658173592291,0.25,0.25,0.25,1.0,normal
4.16,9.855764362536434,0.03221672562780974,0.25,0.25,0.25,1.0,normal
4.18,9.825056227634235,0.03171493838381364,0.25,0.25,0.25,1.0,normal
4.2,9.777260737385376,0.03178175239621008,0.25,0.25,0.25,1.0,normal
4.22,9.756748663578586,0.032226497920845996,0.25,0.25,0.25,1.0,normal
4.24,9.782562316294914,0.031781489193129155,0.25,0.25,0.25,1.0,normal
4.26,9.830737683705085,0.03171516298697443,0.25,0.25,0.25,1.0,normal
4.28,9.856551336421413,0.031915123521804145,0.25,0.25,0.25,1.0,normal
4.3,9.836039262614623,0.03185629667186683,0.25,0.25,0.25,1.0,normal
4.32,9.788243772365766,0.031915123521825156,0.25,0.25,0.25,1.0,normal
4.34,9.757535637463565,0.03218821541704859,0.25,0.25,0.25,1.0,normal
4.36,9.772422644703566,0.03191512352178957,0.25,0.25,0.25,1.0,normal
4.38,9.819084494358242,0.03162291830309708,0.25,0.25,0.25,1.0,normal
4.4,9.854202825814758,0.0319151235218004,0.25,0.25,0.25,1.0,normal
4.42,9.84517566213879,0.03201152952607915,0.25,0.25,0.25,1.0,normal
4.44,9.800383338321783,0.03191512352181495,0.25,0.25,0.25,1.0,normal
4.46,9.7614086473767,0.03208246373636278,0.25,0.25,0.25,1.0,normal
4.48,9.7644336037249,0.031915123521798434,0.25,0.25,0.25,1.0,normal
4.5,9.80665,0.031603154550468165,0.25,0.25,0.25,1.0,normal
4.52,9.848866396275099,0.03201180418855675,0.25,0.25,0.25,1.0,normal
4.54,9.851891352623301,0.0321423052248457,0.25,0.25,0.25,1.0,normal
4.56,9.812916661678216,0.0316228106826477,0.25,0.25,0.25,1.0,normal
4.58,9.76812433786121,0.03193490867374263,0.25,0.25,0.25,1.0,normal
4.6,9.759097174185241,0.03218807705071893,0.25,0.25,0.25,1.0,normal
4.62,9.794215505641755,0.031660889760109306,0.25,0.25,0.25,1.0,normal
4.64,9.840877355296433,0.03185658173599024,0.25,0.25,0.25,1.0,normal
4.66,9.855764362536434,0.03221672562782587,0.25,0.25,0.25,1.0,normal
4.68,9.825056227634235,0.03171493838377605,0.25,0.25,0.25,1.0,normal
4.7,9.777260737385376,0.03178175239616155,0.25,0.25,0.25,1.0,normal
4.72,9.756748663578586,0.03222649792082945,0.25,0.25,0.25,1.0,normal
4.74,9.782562316294914,0.031781489193151095,0.25,0.25,0.25,1.0,normal
4.76,9.830737683705085,0.03171516298700831,0.25,0.25,0.25,1.0,normal
4.78,9.856551336421413,0.03221679699155858,0.25,0.25,0.25,1.0,normal
4.8,9.836039262614623,0.03185629667185426,0.25,0.25,0.25,1.0,normal
4.82,9.788243772365766,0.03166106139110232,0.25,0.25,0.25,1.0,normal
4.84,9.757535637463565,0.03218821541703615,0.25,0.25,0.25,1.0,normal
4.86,9.772422644703566,0.0319346197522985,0.25,0.25,0.25,1.0,normal
4.88,9.819084494358242,0.03162291830311335,0.25,0.25,0.25,1.0,normal
4.9,9.854202825814758,0.03214250211604235,0.25,0.25,0.25,1.0,normal
4.92,9.84517566213879,0.03201152952607611,0.25,0.25,0.25,1.0,normal
4.94,9.800383338321783,0.03160319121422511,0.25,0.25,0.25,1.0,normal
4.96,9.7614086473767,0.032082463736355135,0.25,0.25,0.25,1.0,normal
4.98,9.7644336037249,0.0320822204339512,0.25,0.25,0.25,1.0,normal
5.0,9.80665,0.031603154550475875,0.25,0.25,0.25,1.0,normal
5.02,9.848866396275099,0.03201180418856312,0.25,0.25,0.25,1.0,normal
5.04,9.851891352623301,0.032142305224846096,0.25,0.25,0.25,1.0,normal
5.06,9.812916661678216,0.031622810682643304,0.25,0.25,0.25,1.0,normal
5.08,9.76812433786121,0.03193490867373851,0.25,0.25,0.25,1.0,normal
5.1,9.759097174185241,0.03218807705071878,0.25,0.25,0.25,1.0,normal
5.12,9.794215505641757,0.031660889760112755,0.25,0.25,0.25,1.0,normal
5.14,9.840877355296431,0.03185658173599394,0.25,0.25,0.25,1.0,normal
5.16,9.855764362536434,0.032216725627827,0.25,0.25,0.25,1.0,normal
5.18,9.825056227634233,0.031714938383774566,0.25,0.25,0.25,1.0,normal
5.2,9.777260737385376,0.031781752396159546,0.25,0.25,0.25,1.0,normal
5.22,9.756748663578586,0.03222649792082901,0.25,0.25,0.25,1.0,normal
5.24,9.782562316294912,0.03178148919315253,0.25,0.25,0.25,1.0,normal
5.26,9.830737683705085,0.031715162987010326,0.25,0.25,0.25,1.0,normal
5.28,9.856551336421413,0.032216796991559625,0.25,0.25,0.25,1.0,normal
5.3,9.836039262614625,0.031856296671853926,0.25,0.25,0.25,1.0,normal
5.32,9.788243772365766,0.031661061391101426,0.25,0.25,0.25,1.0,normal
5.34,9.757535637463565,0.032188215417035836,0.25,0.25,0.25,1.0,normal
5.36,9.772422644703566,0.03193461975229907,0.25,0.25,0.25,1.0,normal
5.38,9.819084494358242,0.03162291830311434,0.25,0.25,0.25,1.0,normal
5.4,9.854202825814758,0.03214250211604304,0.25,0.25,0.25,1.0,normal
5.42,9.84517566213879,0.03201152952607625,0.25,0.25,0.25,1.0,normal
5.44,9.800383338321783,0.03160319121422495,0.25,0.25,0.25,1.0,normal
5.46,9.7614086473767,0.03208246373635506,0.25,0.25,0.25,1.0,normal
5.48,9.7644336037249,0.03208222043395132,0.25,0.25,0.25,1.0,normal
5.5,9.806649999999998,0.031603154550476145,0.25,0.25,0.25,1.0,normal
5.52,9.848866396275099,0.03201180418856336,0.25,0.25,0.25,1.0,normal
5.54,9.8518913526233,0.032142305224846124,0.25,0.25,0.25,1.0,normal
5.56,9.812916661678218,0.03162281068264325,0.25,0.25,0.25,1.0,normal
5.58,9.76812433786121,0.03193490867373848,0.25,0.25,0.25,1.0,normal
5.6,9.759097174185241,0.03218807705071883,0.25,0.25,0.25,1.0,normal
5.62,9.794215505641755,0.03166088976011284,0.25,0.25,0.25,1.0,normal
5.64,9.840877355296433,0.031856581735994066,0.25,0.25,0.25,1.0,normal
5.66,9.855764362536434,0.0322167256278271,0.25,0.25,0.25,1.0,normal
5.68,9.825056227634235,0.0317149383837746,0.25,0.25,0.25,1.0,normal
5.7,9.777260737385376,0.03178175239615957,0.25,0.25,0.25,1.0,normal
5.72,9.756748663578586,0.032226497920829024,0.25,0.25,0.25,1.0,normal
5.74,9.782562316294914,0.031781489193152594,0.25,0.25,0.25,1.0,normal
5.76,9.830737683705085,0.03171516298701041,0.25,0.25,0.25,1.0,normal
5.78,9.856551336421413,0.03221679699155963,0.25,0.25,0.25,1.0,normal
5.8,9.836039262614623,0.03185629667185389,0.25,0.25,0.25,1.0,normal
5.82,9.788243772365766,0.03166106139110138,0.25,0.25,0.25,1.0,normal
5.84,9.757535637463565,0.03218821541703579,0.25,0.25,0.25,1.0,normal
5.86,9.772422644703566,0.03193461975229895,0.25,0.25,0.25,1.0,normal
5.88,9.81908449435824,0.031622918303114186,0.25,0.25,0.25,1.0,normal
5.9,9.854202825814758,0.03214250211604296,0.25,0.25,0.25,1.0,normal
5.92,9.84517566213879,0.03201152952607625,0.25,0.25,0.25,1.0,normal
5.94,9.800383338321783,0.031603191214224974,0.25,0.25,0.25,1.0,normal
5.96,9.7614086473767,0.03208246373635502,0.25,0.25,0.25,1.0,normal
5.98,9.764433603724898,0.032082220433951224,0.25,0.25,0.25,1.0,normal
6.0,9.806649999999978,0.03160315455047601,0.25,0.25,0.25,1.0,normal
6.02,11.32644026590361,0.18461027271705185,0.25,0.25,0.25,1.0,normal
6.04,11.435338694438853,0.3333311684860092,0.25,0.25,0.25,1.0,normal
6.06,10.0322498204158,0.3563260235912445,0.25,0.25,0.249616,0.9600000000000009,adapting
6.08,8.419726163003618,0.41050280024582986,0.25,0.25,0.24886399999999997,0.9199999999999999,adapting
6.1,8.0947482706687,0.5293281625435197,0.25,0.25,0.24776,0.8800000000000008,adapting
6.12,9.35900820310328,0.5654449846308037,0.25,0.25,0.24631999999999998,0.8399999999999999,adapting
6.14,11.03883479067157,0.5816170028664762,0.25,0.25,0.24456000000000003,0.8000000000000007,adapting
6.16,11.574767051311639,0.6515335179754221,0.25,0.25,0.242496,0.7599999999999998,adapting
6.18,10.46927419483243,0.6799285536297922,0.25,0.25,0.24014400000000005,0.7200000000000006,adapting
6.2,8.748636545873566,0.6927036317810722,0.25,0.25,0.23751999999999998,0.6799999999999997,adapting
6.22,8.010201888829108,0.7602643162028146,0.25,0.25,0.23464000000000004,0.6400000000000006,adapting
6.24,8.939493386616874,0.79813982014378,0.25,0.25,0.23163999999999998,0.5999999999999996,adapting
6.26,10.673806613383041,0.8035724405208151,0.25,0.25,0.22884000000000004,0.5600000000000005,adapting
6.28,11.60309811117089,0.8521981102712188,0.25,0.25,0.22624,0.5199999999999996,adapting
6.3,10.86466345412651,0.8880258519206895,0.25,0.25,0.22383200000000006,0.4800000000000004,adapting
6.32,9.144025805167562,0.8919498792533606,0.25,0.25,0.22160000000000002,0.4399999999999995,adapting
6.34,8.038532948688358,0.9351568717963824,0.25,0.25,0.21952800000000006,0.40000000000000036,adapting
6.36,8.574465209328359,0.9762505545912463,0.25,0.25,0.21760000000000002,0.35999999999999943,adapting
6.38,10.254291796896727,0.9797935392389705,0.25,0.25,0.21580000000000005,0.3200000000000003,adapting
6.4,11.51855172933127,1.011916364536556,0.25,0.25,0.214112,0.27999999999999936,adapting
6.42,11.19357383699644,1.0520759875849477,0.25,0.25,0.21252400000000002,0.25,adapting
6.44,9.581050179584192,1.0564440567108253,0.25,0.25,0.21103599999999997,0.25,adapting
6.46,8.177961305561187,1.0825169477671575,0.25,0.25,0.209648,0.25,adapting
6.48,8.286859734096392,1.1245610800480512,0.25,0.25,0.20835999999999996,0.25,adapting
6.5,9.806650000000028,1.1313901009134044,0.25,0.25,0.20711,0.25,adapting
6.52,11.326440265903582,1.1471253512390025,0.25,0.25,0.20586000000000002,0.25,adapting
6.54,11.435338694438832,1.1589240302038926,0.25,0.25,0.20461,0.25,adapting
6.56,10.032249820415851,1.146423487022517,0.25,0.25,0.20336,0.25,adapting
6.58,8.419726163003586,1.1570328541791999,0.25,0.25,0.20210999999999998,0.25,adapting
6.6,8.094748270668717,1.1605121153702544,0.25,0.25,0.20086,0.25,adapting
6.62,9.359008203103228,1.136383380780347,0.25,0.25,0.19960999999999998,0.25,adapting
6.64,11.038834790671608,1.1428370165498183,0.25,0.25,0.19836,0.25,adapting
6.66,11.57476705131165,1.15913940215527,0.25,0.25,0.19710999999999998,0.25,adapting
6.68,10.46927419483248,1.1446066055231268,0.25,0.25,0.19586,0.25,adapting
6.7,8.748636545873525,1.1476708600321062,0.25,0.25,0.19460999999999998,0.25,adapting
6.72,8.010201888829105,1.1614657628949128,0.25,0.25,0.19336,0.25,adapting
6.74,8.939493386616919,1.1428031730823671,0.25,0.25,0.19210999999999998,0.25,adapting
6.76,10.673806613383084,1.139573186907466,0.25,0.25,0.19086,0.25,adapting
6.78,11.603098111170887,1.1589121319447842,0.25,0.25,0.18960999999999997,0.25,adapting
6.8,10.86466345412647,1.1477486414320324,0.25,0.25,0.18836,0.25,adapting
6.82,9.144025805167612,1.1414557716276073,0.25,0.25,0.18710999999999997,0.25,adapting
6.84,8.038532948688369,1.1596594889093288,0.25,0.25,0.18586,0.25,adapting
6.86,8.574465209328395,1.1492435148037474,0.25,0.25,0.18460999999999997,0.25,adapting
6.88,10.254291796896675,1.1373657438611013,0.25,0.25,0.18336,0.25,adapting
6.9,11.518551729331284,1.156480050147062,0.25,0.25,0.18210999999999997,0.25,adapting
6.92,11.193573836996409,1.1526352795047092,0.25,0.25,0.18086,0.25,adapting
6.94,9.581050179584246,1.1384597607580198,0.25,0.25,0.17960999999999996,0.25,adapting
6.96,8.177961305561166,1.155504666083805,0.25,0.25,0.17836,0.25,adapting
6.98,8.286859734096364,1.15490269614926,0.25,0.25,0.17710999999999996,0.25,adapting
7.0,9.806649999999975,1.1372393079976766,0.25,0.25,0.17586,0.25,adapting
7.02,11.326440265903608,1.1520315316177052,0.25,0.25,0.17461000000000002,0.25,adapting
7.04,11.435338694438855,1.157121200928868,0.25,0.25,0.17336,0.25,adapting
7.06,10.032249820415803,1.1387350673024925,0.25,0.25,0.17211,0.25,adapting
7.08,8.41972616300362,1.1499557799376492,0.25,0.25,0.17085999999999998,0.25,adapting
7.1,8.094748270668699,1.1588127704905864,0.25,0.25,0.16961,0.25,adapting
7.12,9.359008203103276,1.1395978139975047,0.25,0.25,0.16835999999999998,0.25,adapting
7.14,11.038834790671569,1.1466219074043764,0.25,0.25,0.16711,0.25,adapting
7.16,11.574767051311639,1.1597510279080905,0.25,0.25,0.16585999999999998,0.25,adapting
7.18,10.469274194832433,1.1418586230267258,0.25,0.25,0.16461,0.25,adapting
7.2,8.748636545873568,1.1442987201903827,0.25,0.25,0.16335999999999998,0.25,adapting
7.22,8.010201888829108,1.1602068433844022,0.25,0.25,0.16211,0.25,adapting
7.24,8.939493386616872,1.144062937286237,0.25,0.25,0.16085999999999998,0.25,adapting
7.26,10.673806613383038,1.1416368488515132,0.25,0.25,0.15961,0.25,adapting
7.28,11.60309811117089,1.1597577582175183,0.25,0.25,0.15835999999999997,0.25,adapting
7.3,10.864663454126513,1.1468668962930755,0.25,0.25,0.15711,0.25,adapting
7.32,9.144025805167566,1.1398741730553752,0.25,0.25,0.15585999999999997,0.25,adapting
7.34,8.03853294868836,1.1588155659567765,0.25,0.25,0.15461,0.25,adapting
7.36,8.574465209328356,1.1496254486162159,0.25,0.25,0.15335999999999997,0.25,adapting
7.38,10.254291796896723,1.1383733859860585,0.25,0.25,0.15211,0.25,adapting
7.4,11.518551729331268,1.1570981473699773,0.25,0.25,0.15085999999999997,0.25,adapting
7.42,11.193573836996443,1.152424695713701,0.25,0.25,0.14961,0.25,adapting
7.44,9.581050179584196,1.1377496236587283,0.25,0.25,0.14835999999999996,0.25,adapting
7.46,8.177961305561189,1.1549936545406012,0.25,0.25,0.14711,0.25,adapting
7.48,8.28685973409639,1.1549568175411298,0.25,0.25,0.14585999999999996,0.25,adapting
7.5,9.806649999999921,1.1376907198157047,0.25,0.25,0.14461,0.25,adapting
7.52,11.32644026590358,1.152406017588859,0.25,0.25,0.14336000000000002,0.25,adapting
7.54,11.435338694438833,1.1571227116110947,0.25,0.25,0.14211,0.25,adapting
7.56,10.032249820415855,1.1384359460500972,0.25,0.25,0.14086,0.25,adapting
7.58,8.41972616300359,1.1496708038686994,0.25,0.25,0.13960999999999998,0.25,adapting
7.6,8.094748270668715,1.1587726769845106,0.25,0.25,0.13836,0.25,adapting
7.62,9.359008203103224,1.1397827317627418,0.25,0.25,0.13710999999999998,0.25,adapting
7.64,11.038834790671604,1.1468266702600518,0.25,0.25,0.13586,0.25,adapting
7.66,11.57476705131165,1.1597996509387087,0.25,0.25,0.13460999999999998,0.25,adapting
7.68,10.469274194832483,1.1417434878486648,0.25,0.25,0.13336,0.25,adapting
7.7,8.748636545873529,1.1441504531192463,0.25,0.25,0.13210999999999998,0.25,adapting
7.72,8.010201888829105,1.1601564179687327,0.25,0.25,0.13086,0.25,adapting
7.74,8.939493386616915,1.1441302365173713,0.25,0.25,0.12960999999999998,0.25,adapting
7.76,10.67380661338308,1.1417406751509496,0.25,0.25,0.12836,0.25,adapting
7.78,11.603098111170887,1.1598024517393946,0.25,0.25,0.12710999999999997,0.25,adapting
7.8,10.864663454126473,1.1468285826985571,0.25,0.25,0.12586,0.25,adapting
7.82,9.144025805167614,1.1398018126758442,0.25,0.25,0.12460999999999997,0.25,adapting
7.84,8.038532948688369,1.1587776414636206,0.25,0.25,0.12336,0.25,adapting
7.86,8.574465209328391,1.1496453160422075,0.25,0.25,0.12210999999999997,0.25,adapting
7.88,10.254291796896672,1.1384226009695193,0.25,0.25,0.12086,0.25,adapting
7.9,11.518551729331282,1.1571285569239087,0.25,0.25,0.11960999999999997,0.25,adapting
7.92,11.193573836996412,1.1524155187057106,0.25,0.25,0.11835999999999999,0.25,adapting
7.94,9.581050179584249,1.1377165326933727,0.25,0.25,0.11710999999999996,0.25,adapting
7.96,8.177961305561167,1.154969879187775,0.25,0.25,0.11585999999999999,0.25,adapting
7.98,8.286859734096362,1.1549597865868029,0.25,0.25,0.11460999999999996,0.25,adapting
8.0,9.806649999999971,1.1377124778257213,0.25,0.25,0.11335999999999999,0.25,adapting
8.02,11.326440265903607,1.152424050752173,0.25,0.25,0.11211000000000002,0.25,adapting
8.04,11.435338694438899,1.1571229745267284,0.25,0.25,0.11086000000000004,0.25,adapting
8.06,10.032249820415704,1.1489452353770018,0.25,0.25,0.10960999999999996,0.25,adapting
8.08,8.419726163003624,1.1496573814635604,0.25,0.25,0.10835999999999998,0.25,adapting
8.1,8.094748270668699,1.1587708640344527,0.25,0.25,0.10711000000000001,0.25,adapting
8.12,9.359008203103173,1.1397915893894803,0.25,0.25,0.10586000000000004,0.25,adapting
8.14,11.03883479067164,1.1489441175262218,0.25,0.25,0.10460999999999995,0.25,adapting
8.16,11.57476705131164,1.1598020050767865,0.25,0.25,0.10335999999999998,0.25,adapting
8.18,10.469274194832437,1.1417380528223957,0.25,0.25,0.10211,0.25,adapting
8.2,8.748636545873653,1.1441434361894207,0.25,0.25,0.10086000000000003,0.25,adapting
8.22,8.010201888829116,1.1489444071413966,0.25,0.25,0.09960999999999995,0.25,adapting
8.24,8.939493386616869,1.1441334506008853,0.25,0.25,0.09835999999999998,0.25,adapting
8.26,10.673806613383034,1.1417456208203065,0.25,0.25,0.09711,0.25,adapting
8.28,11.603098111170883,1.1598045852559593,0.25,0.25,0.09586000000000003,0.25,adapting
8.3,10.864663454126433,1.1489446020241731,0.25,0.25,0.09460999999999994,0.25,adapting
8.32,9.14402580516757,1.1397983812196106,0.25,0.25,0.09335999999999997,0.25,adapting
8.34,8.03853294868836,1.1587758446247478,0.25,0.25,0.09211,0.25,adapting
8.36,8.57446520932828,1.1496462638010214,0.25,0.25,0.09086000000000002,0.25,adapting
8.38,10.254291796896819,1.148944340193342,0.25,0.25,0.08960999999999994,0.25,adapting
8.4,11.518551729331268,1.1571300039946577,0.25,0.25,0.08835999999999997,0.25,adapting
8.42,11.193573836996446,1.1524150845873529,0.25,0.25,0.08710999999999999,0.25,adapting
8.44,9.581050179584302,1.1377149620495266,0.25,0.25,0.08586000000000002,0.25,adapting
8.46,8.177961305561146,1.1489444716874164,0.25,0.25,0.08460999999999994,0.25,adapting
8.48,8.286859734096389,1.1549599285397545,0.25,0.25,0.08335999999999996,0.25,adapting
8.5,9.80665000000002,1.1377135122216533,0.25,0.25,0.08210999999999999,0.25,adapting
8.52,11.326440265903578,1.152424908027623,0.25,0.25,0.08086000000000002,0.25,adapting
8.54,11.435338694438878,1.1571229874489026,0.25,0.25,0.07961000000000004,0.25,adapting
8.56,10.032249820415757,1.1384212178758204,0.25,0.25,0.07835999999999996,0.25,adapting
8.58,8.419726163003592,1.1496567440471466,0.25,0.25,0.07710999999999998,0.25,adapting
8.6,8.094748270668713,1.1587707781110874,0.25,0.25,0.07586000000000001,0.25,adapting
8.62,9.359008203103123,1.1397920103661154,0.25,0.25,0.07461000000000004,0.25,adapting
8.64,11.038834790671677,1.146836919304382,0.25,0.25,0.07335999999999995,0.25,adapting
8.66,11.57476705131165,1.1598021170181065,0.25,0.25,0.07210999999999998,0.25,adapting
8.68,10.469274194832487,1.1417377946908371,0.25,0.25,0.07086,0.25,adapting
8.7,8.748636545873614,1.1441431028861662,0.25,0.25,0.06961000000000003,0.25,adapting
8.72,8.010201888829112,1.1601539307739093,0.25,0.25,0.06841752358513885,0.25,adapting
8.74,8.939493386616912,1.1441336033352865,0.25,0.25,0.06732504717027776,0.25,adapting
8.76,10.673806613383078,1.141745855811373,0.25,0.25,0.06633257075541667,0.25,adapting
8.78,11.60309811117088,1.1598046866392766,0.25,0.25,0.06544009434055557,0.25,adapting
8.8,10.864663454126394,1.1468266844799222,0.25,0.25,0.06464761792569441,0.25,adapting
8.82,9.144025805167617,1.1397982182102326,0.25,0.25,0.06395514151083331,0.25,adapting
8.84,8.038532948688369,1.1587757592705752,0.25,0.25,0.06336266509597221,0.25,adapting
8.86,8.574465209328315,1.1496463088364588,0.25,0.25,0.0628701886811111,0.25,adapting
8.88,10.254291796896768,1.1384250533640423,0.25,0.25,0.0625,0.25,adapting
8.9,11.518551729331282,1.157130072748232,0.25,0.25,0.0625,0.25,adapting
8.92,11.193573836996414,1.1524150639672306,0.25,0.25,0.0625,0.25,adapting
8.94,9.581050179584354,1.1377148874337877,0.25,0.25,0.0625,0.25,adapting
8.96,8.177961305561125,1.1549686971825486,0.25,0.25,0.0625,0.25,adapting
8.98,8.28685973409636,1.154959935285762,0.25,0.25,0.0625,0.25,adapting
9.0,9.806649999999967,1.137713561365908,0.25,0.25,0.0625,0.25,adapting
9.02,11.326440265903605,1.15242494875678,0.25,0.25,0.0625,0.25,adapting
9.04,11.4353386944389,1.1571229880637903,0.25,0.25,0.0625,0.25,adapting
9.06,10.032249820415707,1.1384211861572224,0.25,0.25,0.0625,0.25,adapting
9.08,8.419726163003626,1.1496567137650007,0.25,0.25,0.0625,0.25,adapting
9.1,8.094748270668697,1.1587707740294593,0.25,0.25,0.0625,0.25,adapting
9.12,9.359008203103171,1.139792030366479,0.25,0.25,0.0625,0.25,adapting
9.14,11.038834790671638,1.1468369413939952,0.25,0.25,0.0625,0.25,adapting
9.16,11.57476705131164,1.159802122336501,0.25,0.25,0.0625,0.25,adapting
9.18,10.46927419483244,1.1417377824275532,0.25,0.25,0.0625,0.25,adapting
9.2,8.748636545873657,1.1441430870515419,0.25,0.25,0.0625,0.25,adapting
9.22,8.010201888829114,1.1601539254170323,0.25,0.25,0.0625,0.25,adapting
9.24,8.939493386616865,1.144133610591562,0.25,0.25,0.0625,0.25,adapting
9.26,10.673806613383032,1.1417458669755256,0.25,0.25,0.0625,0.25,adapting
9.28,11.603098111170883,1.1598046914559006,0.25,0.25,0.0625,0.25,adapting
9.3,10.864663454126436,1.1468266803907017,0.25,0.25,0.0625,0.25,adapting
9.32,9.144025805167571,1.1397982104659214,0.25,0.25,0.0625,0.25,adapting
9.34,8.03853294868836,1.1587757552155444,0.25,0.25,0.0625,0.25,adapting
9.36,8.574465209328276,1.1496463109760464,0.25,0.25,0.0625,0.25,adapting
9.38,10.254291796896815,1.1384250586485345,0.25,0.25,0.0625,0.25,adapting
9.4,11.518551729331266,1.157130076014628,0.25,0.25,0.0625,0.25,adapting
9.42,11.193573836996448,1.1524150629876073,0.25,0.25,0.0625,0.25,adapting
9.44,9.581050179584306,1.1377148838889095,0.25,0.25,0.0625,0.25,adapting
9.46,8.177961305561148,1.1549686946358073,0.25,0.25,0.0625,0.25,adapting
9.48,8.286859734096387,1.15495993560626,0.25,0.25,0.0625,0.25,adapting
9.5,9.806649999999914,1.1377135637006857,0.25,0.25,0.0625,0.25,adapting
9.52,11.326440265903576,1.1524249506917679,0.25,0.25,0.0625,0.25,adapting
9.54,11.43533869443888,1.157122988093005,0.25,0.25,0.0625,0.25,adapting
9.56,10.03224982041576,1.1384211846503174,0.25,0.25,0.0625,0.25,adapting
9.58,8.419726163003594,1.1496567123263404,0.25,0.25,0.0625,0.25,adapting
9.6,8.094748270668713,1.1587707738355477,0.25,0.25,0.0625,0.25,adapting
9.62,9.35900820310312,1.1397920313166694,0.25,0.25,0.0625,0.25,adapting
9.64,11.038834790671674,1.1468369424434426,0.25,0.25,0.0625,0.25,adapting
9.66,11.574767051311651,1.1598021225891724,0.25,0.25,0.0625,0.25,adapting
9.68,10.46927419483249,1.141737781844944,0.25,0.25,0.0625,0.25,adapting
9.7,8.748636545873616,1.1441430862992643,0.25,0.25,0.0625,0.25,adapting
9.72,8.01020188882911,1.1601539251625388,0.25,0.25,0.0625,0.25,adapting
9.74,8.939493386616908,1.1441336109362996,0.25,0.25,0.0625,0.25,adapting
9.76,10.673806613383075,1.1417458675059204,0.25,0.25,0.0625,0.25,adapting
9.78,11.60309811117088,1.1598046916847353,0.25,0.25,0.0625,0.25,adapting
9.8,10.864663454126397,1.1468266801964315,0.25,0.25,0.0625,0.25,adapting
9.82,9.14402580516762,1.139798210098002,0.25,0.25,0.0625,0.25,adapting
9.84,8.03853294868837,1.1587757550228974,0.25,0.25,0.0625,0.25,adapting
9.86,8.574465209328313,1.1496463110776964,0.25,0.25,0.0625,0.25,adapting
9.88,10.254291796896764,1.1384250588995941,0.25,0.25,0.0625,0.25,adapting
9.9,11.51855172933128,1.1571300761698098,0.25,0.25,0.0625,0.25,adapting
9.92,11.193573836996416,1.1524150629410677,0.25,0.25,0.0625,0.25,adapting
9.94,9.581050179584357,1.137714883720497,0.25,0.25,0.0625,0.25,adapting
9.96,8.177961305561126,1.1549686945148157,0.25,0.25,0.0625,0.25,adapting
9.98,8.286859734096359,1.1549599356214868,0.25,0.25,0.0625,0.25,adapting
10.0,9.806649999999964,1.137713563811607,0.25,0.25,0.0625,0.25,adapting
10.02,11.326440265903603,1.1524249507836954,0.25,0.25,0.0625,0.25,adapting
10.04,11.435338694438903,1.1571229880943934,0.25,0.25,0.0625,0.25,adapting
10.06,10.03224982041571,1.1384211845787289,0.25,0.25,0.0625,0.25,adapting
10.08,8.419726163003627,1.1496567122579926,0.25,0.25,0.0625,0.25,adapting
10.1,8.094748270668696,1.158770773826336,0.25,0.25,0.0625,0.25,adapting
10.12,9.359008203103167,1.1397920313618113,0.25,0.25,0.0625,0.25,adapting
10.14,11.038834790671636,1.1468369424933003,0.25,0.25,0.0625,0.25,adapting
10.16,11.574767051311643,1.1598021226011759,0.25,0.25,0.0625,0.25,adapting
10.18,10.469274194832444,1.1417377818172647,0.25,0.25,0.0625,0.25,adapting
10.2,8.74863654587366,1.1441430862635236,0.25,0.25,0.0625,0.25,adapting
10.22,8.010201888829108,1.1601539251504465,0.25,0.25,0.0625,0.25,adapting
10.24,8.939493386616952,1.1441336109526767,0.25,0.25,0.0625,0.25,adapting
10.26,10.673806613383029,1.1417458675311178,0.25,0.25,0.0625,0.25,adapting
10.28,11.603098111170876,1.1598046916956055,0.25,0.25,0.0625,0.25,adapting
10.3,10.864663454126356,1.1468266801872007,0.25,0.25,0.0625,0.25,adapting
10.32,9.144025805167574,1.1397982100805222,0.25,0.25,0.0625,0.25,adapting
10.34,8.03853294868838,1.158775755013745,0.25,0.25,0.0625,0.25,adapting
10.36,8.574465209328348,1.1496463110825246,0.25,0.25,0.0625,0.25,adapting
10.38,10.254291796896812,1.1384250589115212,0.25,0.25,0.0625,0.25,adapting
10.4,11.518551729331264,1.1571300761771817,0.25,0.25,0.0625,0.25,adapting
10.42,11.193573836996384,1.152415062938855,0.25,0.25,0.0625,0.25,adapting
10.44,9.58105017958431,1.137714883712495,0.25,0.25,0.0625,0.25,adapting
10.46,8.17796130556115,1.1549686945090667,0.25,0.25,0.0625,0.25,adapting
10.48,8.28685973409633,1.154959935622209,0.25,0.25,0.0625,0.25,adapting
10.5,9.806650000000014,1.137713563816876,0.25,0.25,0.0625,0.25,adapting
10.52,11.326440265903575,1.1524249507880617,0.25,0.25,0.0625,0.25,adapting
10.54,11.435338694438924,1.1571229880944582,0.25,0.25,0.0625,0.25,adapting
10.56,10.032249820415663,1.138421184575325,0.25,0.25,0.0625,0.25,adapting
10.58,8.419726163003595,1.1496567122547428,0.25,0.25,0.0625,0.25,adapting
10.6,8.09474827066868,1.1587707738258965,0.25,0.25,0.0625,0.25,adapting
10.62,9.359008203103215,1.1397920313639547,0.25,0.25,0.0625,0.25,adapting
10.64,11.038834790671672,1.1468369424956677,0.25,0.25,0.0625,0.25,adapting
10.66,11.574767051311651,1.1598021226017463,0.25,0.25,0.0625,0.25,adapting
10.68,10.469274194832398,1.1417377818159489,0.25,0.25,0.0625,0.25,adapting
10.7,8.74863654587362,1.1441430862618247,0.25,0.25,0.0625,0.25,adapting
10.72,8.01020188882911,1.1601539251498698,0.25,0.25,0.0625,0.25,adapting
10.74,8.939493386616816,1.1441336109534528,0.25,0.25,0.0625,0.25,adapting
10.76,10.673806613383071,1.1417458675323138,0.25,0.25,0.0625,0.25,adapting
10.78,11.60309811117088,1.1598046916961198,0.25,0.25,0.0625,0.25,adapting
10.8,10.864663454126482,1.1468266801867606,0.25,0.25,0.0625,0.25,adapting
10.82,9.144025805167528,1.1397982100796908,0.25,0.25,0.0625,0.25,adapting
10.84,8.03853294868837,1.158775755013307,0.25,0.25,0.0625,0.25,adapting
10.86,8.574465209328235,1.1496463110827526,0.25,0.25,0.0625,0.25,adapting
10.88,10.25429179689686,1.1384250589120872,0.25,0.25,0.0625,0.25,adapting
10.9,11.51855172933128,1.1571300761775325,0.25,0.25,0.0625,0.25,adapting
10.92,11.193573836996483,1.152415062938752,0.25,0.25,0.0625,0.25,adapting
10.94,9.58105017958426,1.1377148837121172,0.25,0.25,0.0625,0.25,adapting
10.96,8.177961305561128,1.1549686945087942,0.25,0.25,0.0625,0.25,adapting
10.98,8.286859734096357,1.1549599356222455,0.25,0.25,0.0625,0.25,adapting
11.0,9.806649999999859,1.1377135638171278,0.25,0.25,0.0625,0.25,adapting
11.02,11.3264402659036,1.1524249507882713,0.25,0.25,0.0625,0.25,adapting
11.04,11.435338694438904,1.1571229880944633,0.25,0.25,0.0625,0.25,adapting
11.06,10.032249820415815,1.138421184575165,0.25,0.25,0.0625,0.25,adapting
11.08,8.419726163003565,1.1496567122545915,0.25,0.25,0.0625,0.25,adapting
11.1,8.094748270668696,1.1587707738258783,0.25,0.25,0.0625,0.25,adapting
11.12,9.359008203103064,1.1397920313640588,0.25,0.25,0.0625,0.25,adapting
11.14,11.038834790671707,1.1468369424957834,0.25,0.25,0.0625,0.25,adapting
11.16,11.574767051311643,1.1598021226017743,0.25,0.25,0.0625,0.25,adapting
11.18,10.469274194832542,1.1417377818158876,0.25,0.25,0.0625,0.25,adapting
11.2,8.74863654587358,1.1441430862617465,0.25,0.25,0.0625,0.25,adapting
11.22,8.010201888829114,1.160153925149847,0.25,0.25,0.0625,0.25,adapting
11.24,8.93949338661686,1.144133610953494,0.25,0.25,0.0625,0.25,adapting
11.26,10.673806613383114,1.141745867532374,0.25,0.25,0.0625,0.25,adapting
11.28,11.603098111170883,1.1598046916961486,0.25,0.25,0.0625,0.25,adapting
11.3,10.864663454126442,1.1468266801867435,0.25,0.25,0.0625,0.25,adapting
11.32,9.144025805167674,1.1397982100796527,0.25,0.25,0.0625,0.25,adapting
11.34,8.038532948688362,1.158775755013289,0.25,0.25,0.0625,0.25,adapting
11.36,8.57446520932827,1.1496463110827675,0.25,0.25,0.0625,0.25,adapting
11.38,10.254291796896709,1.1384250589121159,0.25,0.25,0.0625,0.25,adapting
11.4,11.518551729331294,1.15713007617755,0.25,0.25,0.0625,0.25,adapting
11.42,11.193573836996453,1.1524150629387482,0.25,0.25,0.0625,0.25,adapting
11.44,9.581050179584414,1.1377148837120987,0.25,0.25,0.0625,0.25,adapting
11.46,8.177961305561107,1.1549686945087823,0.25,0.25,0.0625,0.25,adapting
11.48,8.286859734096383,1.1549599356222469,0.25,0.25,0.0625,0.25,adapting
11.5,9.806649999999907,1.1377135638171394,0.25,0.25,0.0625,0.25,adapting
11.52,11.326440265903626,1.1524249507882816,0.25,0.25,0.0625,0.25,adapting
11.54,11.435338694438883,1.157122988094463,0.25,0.25,0.0625,0.25,adapting
11.56,10.032249820415768,1.1384211845751588,0.25,0.25,0.0625,0.25,adapting
11.58,8.419726163003663,1.1496567122545844,0.25,0.25,0.0625,0.25,adapting
11.6,8.09474827066871,1.158770773825877,0.25,0.25,0.0625,0.25,adapting
11.62,9.359008203103112,1.1397920313640635,0.25,0.25,0.0625,0.25,adapting
11.64,11.038834790671594,1.1468369424957865,0.25,0.25,0.0625,0.25,adapting
11.66,11.574767051311634,1.1598021226017725,0.25,0.25,0.0625,0.25,adapting
11.68,10.469274194832495,1.1417377818158836,0.25,0.25,0.0625,0.25,adapting
11.7,8.748636545873705,1.1441430862617394,0.25,0.25,0.0625,0.25,adapting
11.72,8.010201888829117,1.1601539251498414,0.25,0.25,0.0625,0.25,adapting
11.74,8.939493386616903,1.1441336109534932,0.25,0.25,0.0625,0.25,adapting
11.76,10.673806613382979,1.1417458675323737,0.25,0.25,0.0625,0.25,adapting
11.78,11.603098111170887,1.1598046916961458,0.25,0.25,0.0625,0.25,adapting
11.8,10.864663454126402,1.1468266801867395,0.25,0.25,0.0625,0.25,adapting
11.82,9.144025805167628,1.1397982100796493,0.25,0.25,0.0625,0.25,adapting
11.84,8.038532948688353,1.1587757550132884,0.25,0.25,0.0625,0.25,adapting
11.86,8.574465209328308,1.1496463110827664,0.25,0.25,0.0625,0.25,adapting
11.88,10.254291796896757,1.1384250589121159,0.25,0.25,0.0625,0.25,adapting
11.9,11.518551729331246,1.15713007617755,0.25,0.25,0.0625,0.25,adapting
11.92,11.193573836996421,1.1524150629387448,0.25,0.25,0.0625,0.25,adapting
11.94,9.581050179584365,1.1377148837120963,0.25,0.25,0.0625,0.25,adapting
11.96,8.177961305561173,1.15496869450878,0.25,0.25,0.0625,0.25,adapting
11.98,8.28685973409641,1.1549599356222444,0.25,0.25,0.0625,0.25,adapting
12.0,9.806649999999998,1.1377135638171396,0.25,0.25,0.0625,0.25,adapting
12.02,9.848866396275097,1.133942251860888,0.25,0.25,0.0625,0.25,adapting
12.04,9.851891352623301,1.0966301359735686,0.25,0.25,0.0625,0.25,adapting
12.06,9.812916661678214,1.0667208856130797,0.25,0.25,0.0625,0.25,adapting
12.08,9.768124337861211,1.063754318204666,0.25,0.25,0.0625,0.25,adapting
12.1,9.759097174185241,1.0274607532648188,0.25,0.25,0.0625,0.25,adapting
12.12,9.794215505641754,0.9898769516423331,0.25,0.25,0.0626016,0.2539999999999999,adapting
12.14,9.840877355296433,0.9866905865974269,0.25,0.25,0.06280640000000001,0.2580000000000002,adapting
12.16,9.855764362536435,0.9530695953816778,0.25,0.25,0.063116,0.26200000000000007,adapting
12.18,9.825056227634235,0.9076895283982366,0.25,0.25,0.06353199999999999,0.26599999999999996,adapting
12.2,9.77726073738538,0.9024509322533049,0.25,0.25,0.06405599999999997,0.26999999999999985,adapting
12.22,9.756748663578586,0.8716580216174471,0.25,0.25,0.06468960000000003,0.27400000000000013,adapting
12.24,9.782562316294914,0.8174899247722527,0.25,0.25,0.06543440000000002,0.278,adapting
12.26,9.830737683705083,0.8082955877416808,0.25,0.25,0.066292,0.2819999999999999,adapting
12.28,9.856551336421413,0.781215485720565,0.25,0.25,0.06726399999999998,0.2859999999999998,adapting
12.3,9.836039262614621,0.7174857310885543,0.25,0.25,0.06835200000000005,0.2900000000000001,adapting
12.32,9.788243772365766,0.7014165962306204,0.25,0.25,0.06945236793846424,0.294,adapting
12.34,9.757535637463565,0.6778796821882596,0.25,0.25,0.07054934354597339,0.2979999999999999,adapting
12.36,9.772422644703564,0.6019954910400578,0.25,0.25,0.07164299732998951,0.30199999999999977,adapting
12.38,9.819084494358243,0.5744407997882951,0.25,0.25,0.07273340746091216,0.30600000000000005,adapting
12.4,9.854202825814756,0.5542827347828552,0.25,0.25,0.07382065855872431,0.30999999999999994,adapting
12.42,9.845175662138788,0.4600491441934265,0.25,0.25,0.07490484054070354,0.31399999999999983,adapting
12.44,9.800383338321787,0.4103946766202034,0.25,0.25,0.07598604753589222,0.3179999999999997,adapting
12.46,9.761408647376697,0.39161366556188454,0.25,0.25,0.07706437687090742,0.322,adapting
12.48,9.764433603724898,0.2487340902820488,0.25,0.25,0.07813992813052609,0.3259999999999999,adapting
12.5,9.80665,0.08531285123097491,0.25,0.25,0.07921280229534741,0.3299999999999998,normal
12.52,9.848866396275099,0.08262178342327399,0.25,0.25,0.08028310095772306,0.3339999999999997,normal
12.54,9.851891352623303,0.07322143941078375,0.25,0.25,0.0813509256160971,0.3379999999999996,normal
12.56,9.812916661678212,0.06314462969977323,0.25,0.25,0.0824163770469169,0.34199999999999986,normal
12.58,9.768124337861211,0.05733399443397057,0.25,0.25,0.08347955475238919,0.34599999999999975,normal
12.6,9.759097174185241,0.05541865719723994,0.25,0.25,0.08454055648157296,0.34999999999999964,normal
12.62,9.794215505641755,0.05385884206056099,0.25,0.25,0.0855994778216254,0.35399999999999954,normal
12.64,9.840877355296435,0.05087303593963678,0.25,0.25,0.08665641185546413,0.3579999999999998,normal
12.66,9.855764362536434,0.045979853700258685,0.25,0.25,0.0877114488816663,0.3619999999999997,normal
12.68,9.825056227634233,0.04041794232880528,0.25,0.25,0.0887646761921022,0.3659999999999996,normal
12.7,9.777260737385378,0.037686316719327644,0.25,0.25,0.08981617790257997,0.3699999999999995,normal
12.72,9.756748663578586,0.03809726023855391,0.25,0.25,0.09086603483166517,0.3739999999999998,normal
12.74,9.78256231629491,0.038528271637501506,0.25,0.25,0.09191432442281085,0.37799999999999967,normal
12.76,9.830737683705085,0.0380664138258262,0.25,0.25,0.09296112070499231,0.38199999999999956,normal
12.78,9.856551336421413,0.03653546742563096,0.25,0.25,0.094006494287162,0.38599999999999945,normal
12.8,9.836039262614625,0.03381858983699128,0.25,0.25,0.09505051238202701,0.38999999999999974,normal
12.82,9.788243772365764,0.03231771910168918,0.25,0.25,0.09609323885487836,0.39399999999999963,normal
12.84,9.757535637463565,0.03308183605388672,0.25,0.25,0.09713473429346973,0.3979999999999995,normal
12.86,9.772422644703562,0.03370242755904651,0.25,0.25,0.09817505609523111,0.4019999999999994,normal
12.88,9.819084494358245,0.03373056735964792,0.25,0.25,0.09921425856841382,0.4059999999999997,normal
12.9,9.854202825814758,0.03362115167850618,0.25,0.25,0.10025239304407686,0.4099999999999996,normal
12.92,9.845175662138791,0.03246699547335973,0.25,0.25,0.10128950799614421,0.4139999999999995,normal
12.94,9.800383338321785,0.03139634662238483,0.25,0.25,0.10232564916707088,0.41799999999999937,normal
12.96,9.761408647376697,0.03196220246690237,0.25,0.25,0.10336085969696177,0.42199999999999965,normal
12.98,9.764433603724898,0.03246325838008906,0.25,0.25,0.10439518025427239,0.42599999999999955,normal
13.0,9.806650000000001,0.03232839409453114,0.25,0.25,0.10542864916649482,0.42999999999999944,normal
13.02,9.848866396275099,0.032600440319926115,0.25,0.25,0.10646130254948104,0.43399999999999933,normal
13.04,9.851891352623303,0.03230034783418182,0.25,0.25,0.10749317443429122,0.4379999999999992,normal
13.06,9.812916661678218,0.03143309186420141,0.25,0.25,0.10852429689066327,0.4419999999999995,normal
13.08,9.76812433786121,0.031731987086642446,0.25,0.25,0.10955470014638952,0.4459999999999994,normal
13.1,9.759097174185241,0.032221349600356,0.25,0.25,0.1105844127020572,0.4499999999999993,normal
13.12,9.794215505641752,0.03191406224191146,0.25,0.25,0.11161346144075363,0.4539999999999992,normal
13.14,9.840877355296435,0.03211724993452976,0.25,0.25,0.11264187173246991,0.45799999999999946,normal
13.16,9.855764362536434,0.03230390551661773,0.25,0.25,0.11366966753304462,0.46199999999999936,normal
13.18,9.825056227634237,0.03162277854634418,0.25,0.25,0.11469687147758575,0.46599999999999925,normal
13.2,9.777260737385376,0.031648367619488305,0.25,0.25,0.11572350496838353,0.46999999999999914,normal
13.22,9.756748663578586,0.032190979117123715,0.25,0.25,0.11674958825739522,0.4739999999999994,normal
13.24,9.782562316294912,0.0318658917251323,0.25,0.25,0.11777514052343141,0.4779999999999993,normal
13.26,9.830737683705086,0.03183482207082056,0.25,0.25,0.11880017994421713,0.4819999999999992,normal
13.28,9.856551336421413,0.03227206916111872,0.25,0.25,0.11982472376352807,0.4859999999999991,normal
13.3,9.836039262614623,0.03182270934674892,0.25,0.25,0.12084878835362826,0.4899999999999994,normal
13.32,9.78824377236577,0.031590258146341324,0.25,0.25,0.12187238927324781,0.4939999999999993,normal
13.34,9.757535637463565,0.03215242425182576,0.25,0.25,0.1228955413213511,0.49799999999999917,normal
13.36,9.772422644703562,0.03195866449370443,0.25,0.25,0.12391825858694568,0.5019999999999991,normal
13.38,9.819084494358242,0.03167706949012021,0.25,0.25,0.12494055449518578,0.5059999999999993,normal
13.4,9.854202825814758,0.032176360084094205,0.25,0.25,0.12596244185001707,0.5099999999999992,normal
13.42,9.84517566213879,0.03200342810511437,0.25,0.25,0.12698393287360604,0.5139999999999991,normal
13.44,9.800383338321788,0.03156964938924651,0.25,0.25,0.12800503924278483,0.517999999999999,normal
13.46,9.761408647376697,0.032058433509431675,0.25,0.25,0.12902577212273586,0.5219999999999992,normal
13.48,9.764433603724898,0.03208607422363047,0.25,0.25,0.13004614219812646,0.5259999999999991,normal
13.5,9.806649999999996,0.031626575135829685,0.25,0.25,0.13106615970189503,0.529999999999999,normal
13.52,9.8488663962751,0.03203118434983002,0.25,0.25,0.13208583444187355,0.5339999999999989,normal
13.54,9.851891352623301,0.03214293525747955,0.25,0.25,0.13310517582542347,0.5379999999999988,normal
13.56,9.812916661678216,0.0316083274233586,0.25,0.25,0.13412419288224658,0.541999999999999,normal
13.58,9.768124337861213,0.03192103250937542,0.25,0.25,0.13514289428552162,0.5459999999999989,normal
13.6,9.759097174185241,0.03218634377180473,0.25,0.25,0.13616128837150715,0.5499999999999988,normal
13.62,9.794215505641752,0.03167032330558044,0.25,0.25,0.13717938315773673,0.5539999999999987,normal
13.64,9.840877355296433,0.031866957685376056,0.25,0.25,0.1381971863599258,0.5579999999999989,normal
13.66,9.855764362536434,0.032219278902446004,0.25,0.25,0.13921470540769698,0.5619999999999988,normal
13.68,9.825056227634235,0.03170929688732906,0.25,0.25,0.14023194745922385,0.5659999999999987,normal
13.7,9.77726073738538,0.0317744355460935,0.25,0.25,0.1412489194148813,0.5699999999999986,normal
13.72,9.756748663578586,0.0322240443243889,0.25,0.25,0.14226562792998604,0.5739999999999988,normal
13.74,9.782562316294912,0.03178489468665506,0.25,0.25,0.1432820794267011,0.5779999999999987,normal
13.76,9.830737683705083,0.031720379464939094,0.25,0.25,0.1442982801051735,0.5819999999999986,normal
13.78,9.856551336421413,0.03221905579708284,0.25,0.25,0.1453142359539654,0.5859999999999985,normal
13.8,9.836039262614621,0.03185440910567952,0.25,0.25,0.14632995275983615,0.5899999999999987,normal
13.82,9.788243772365767,0.03165747041581664,0.25,0.25,0.1473454361169256,0.5939999999999986,normal
13.84,9.757535637463565,0.03218633802977294,0.25,0.25,0.14836069143538622,0.5979999999999985,normal
13.86,9.772422644703564,0.03193562198015741,0.25,0.25,0.14937572394950474,0.6019999999999984,normal
13.88,9.819084494358243,0.03162538184798735,0.25,0.25,0.15039053872535307,0.6059999999999987,normal
13.9,9.854202825814756,0.03214402572806042,0.25,0.25,0.15140514066800226,0.6099999999999985,normal
13.92,9.84517566213879,0.032011077214596784,0.25,0.25,0.15241953452833318,0.6139999999999984,normal
13.94,9.800383338321787,0.03160154493448625,0.25,0.25,0.1534337249094707,0.6179999999999983,normal
13.96,9.7614086473767,0.03208128115450785,0.25,0.25,0.1544477162728695,0.6219999999999986,normal
13.98,9.7644336037249,0.032082371130105806,0.25,0.25,0.15546151294407468,0.6259999999999984,normal
14.0,9.806649999999998,0.03160424184416647,0.25,0.25,0.15647511911818082,0.6299999999999983,normal
14.02,9.848866396275097,0.03201270523405431,0.25,0.25,0.15748853886500758,0.6339999999999982,normal
14.04,9.851891352623301,0.03214231959057568,0.25,0.25,0.15850177613401215,0.6379999999999981,normal
14.06,9.812916661678214,0.03162211035394275,0.25,0.25,0.1595148347589551,0.6419999999999983,normal
14.08,9.768124337861211,0.0319342399508479,0.25,0.25,0.16052771846233457,0.6459999999999982,normal
14.1,9.759097174185241,0.0321879872255519,0.25,0.25,0.16154043085960526,0.6499999999999981,normal
14.12,9.794215505641754,0.03166133203710057,0.25,0.25,0.16255297546319278,0.653999999999998,normal
14.14,9.840877355296433,0.03185707011622257,0.25,0.25,0.16356535568631808,0.6579999999999983,normal
14.16,9.855764362536435,0.032216843337034305,0.25,0.25,0.1645775748466414,0.6619999999999981,normal
14.18,9.825056227634235,0.03171466752290449,0.25,0.25,0.16558963616973854,0.665999999999998,normal
14.2,9.77726073738538,0.03178140258132833,0.25,0.25,0.16660154279241665,0.6699999999999979,normal
14.22,9.756748663578586,0.03222637962707409,0.25,0.25,0.1676132977658805,0.6739999999999982,normal
14.24,9.782562316294914,0.03178164961587001,0.25,0.25,0.16862490405875638,0.677999999999998,normal
14.26,9.830737683705083,0.03171540975347816,0.25,0.25,0.1696363645599833,0.6819999999999979,normal
14.28,9.856551336421413,0.0322169034742965,0.25,0.25,0.1706476820815762,0.6859999999999978,normal
14.3,9.836039262614621,0.03185620633826293,0.25,0.25,0.17165885936127043,0.6899999999999981,normal
14.32,9.788243772365766,0.03166089027736945,0.25,0.25,0.1726698990650518,0.693999999999998,normal
14.34,9.757535637463565,0.032188125826032206,0.25,0.25,0.17368080378958065,0.6979999999999978,normal
14.36,9.772422644703564,0.03193466705026754,0.25,0.25,0.1746915760645126,0.7019999999999977,normal
14.38,9.819084494358243,0.031623035095944205,0.25,0.25,0.1757022183547237,0.705999999999998,normal
14.4,9.854202825814756,0.03214257430877787,0.25,0.25,0.17671273306244278,0.7099999999999979,normal
14.42,9.845175662138788,0.03201150788527328,0.25,0.25,0.17772312252929817,0.7139999999999977,normal
14.44,9.800383338321787,0.0316031128828982,0.25,0.25,0.1787333890382802,0.7179999999999976,normal
14.46,9.761408647376697,0.0320824074612602,0.25,0.25,0.17974353481562583,0.7219999999999979,normal
14.48,9.764433603724898,0.032082227520197175,0.25,0.25,0.1807535620326275,0.7259999999999978,normal
14.5,9.80665,0.03160320614890871,0.25,0.25,0.18176347280737204,0.7299999999999977,normal
14.52,9.848866396275099,0.032011846951506585,0.25,0.25,0.18277326920641035,0.7339999999999975,normal
14.54,9.851891352623303,0.03214230587221347,0.25,0.25,0.1837829532463629,0.7379999999999974,normal
14.56,9.812916661678212,0.03162277738340253,0.25,0.25,0.18479252689546374,0.7419999999999977,normal
14.58,9.768124337861211,0.03193487688227849,0.25,0.25,0.1858019920750449,0.7459999999999976,normal
14.6,9.759097174185241,0.03218807276637963,0.25,0.25,0.186811350660966,0.7499999999999974,normal
14.62,9.794215505641755,0.03166091075875014,0.25,0.25,0.1878206044849889,0.7539999999999973,normal
14.64,9.840877355296435,0.03185660492793487,0.25,0.25,0.1888297553361021,0.7579999999999976,normal
14.66,9.855764362536434,0.03221673121191852,0.25,0.25,0.18983880496179537,0.7619999999999975,normal
14.68,9.825056227634233,0.03171492550915786,0.25,0.25,0.19084775506928897,0.7659999999999973,normal
14.7,9.777260737385378,0.03178173577199717,0.25,0.25,0.19185660732671694,0.7699999999999972,normal
14.72,9.756748663578586,0.03222649229697153,0.25,0.25,0.19286536336426846,0.7739999999999975,normal
14.74,9.78256231629491,0.03178149681152556,0.25,0.25,0.19387402477528748,0.7779999999999974,normal
14.76,9.830737683705085,0.031715174708142724,0.25,0.25,0.1948825931173346,0.7819999999999973,normal
14.78,9.856551336421413,0.032216802048534963,0.25,0.25,0.1958910699132102,0.7859999999999971,normal
14.8,9.836039262614625,0.03185629237875615,0.25,0.25,0.19689945665194236,0.7899999999999974,normal
14.82,9.788243772365764,0.03166105326058556,0.25,0.25,0.19790775478973976,0.7939999999999973,normal
14.84,9.757535637463565,0.03218821115980169,0.25,0.25,0.1989159657509129,0.7979999999999972,normal
14.86,9.77242264470356,0.0319346219986499,0.25,0.25,0.19992409092876223,0.801999999999997,normal
14.88,9.819084494358245,0.03162292385122385,0.25,0.25,0.20093213168643714,0.8059999999999973,normal
14.9,9.854202825814758,0.0321425055453896,0.25,0.25,0.20194008935776478,0.8099999999999972,normal
14.92,9.845175662138791,0.03201152849761594,0.25,0.25,0.2029479652480524,0.8139999999999971,normal
14.94,9.800383338321785,0.031603187492554204,0.25,0.25,0.20395576063486162,0.817999999999997,normal
14.96,9.761408647376697,0.03208246106260416,0.25,0.25,0.2049634767687578,0.8219999999999972,normal
14.98,9.764433603724898,0.03208222077045013,0.25,0.25,0.20597111487403386,0.8259999999999971,normal
15.0,9.806649999999996,0.03160315700172076,0.25,0.25,0.20697867614941168,0.829999999999997,normal
15.02,9.848866396275099,0.03201180622007558,0.25,0.25,0.20798616176871945,0.8339999999999969,normal
15.04,9.851891352623303,0.03214230525552867,0.25,0.25,0.2089935728815477,0.8379999999999967,normal
15.06,9.812916661678218,0.03162280910058797,0.25,0.25,0.21000091061388435,0.841999999999997,normal
15.08,9.76812433786121,0.03193490716332974,0.25,0.25,0.21100817606872854,0.8459999999999969,normal
15.1,9.759097174185241,0.032188076847144254,0.25,0.25,0.21201537032668674,0.8499999999999968,normal
15.12,9.79421550564175,0.03166089075770445,0.25,0.25,0.21302249444654833,0.8539999999999967,normal
15.14,9.840877355296435,0.031856582837793086,0.25,0.25,0.2140295494658441,0.8579999999999969,normal
15.16,9.855764362536434,0.03221672589310709,0.25,0.25,0.21503653640138662,0.8619999999999968,normal
15.18,9.825056227634237,0.0317149377721117,0.25,0.25,0.21604345624979499,0.8659999999999967,normal
15.2,9.777260737385378,0.031781751606364345,0.25,0.25,0.2170503099880023,0.8699999999999966,normal
15.22,9.756748663578586,0.03222649765364495,0.25,0.25,0.21805709857374825,0.8739999999999968,normal
15.24,9.782562316294912,0.031781489555089935,0.25,0.25,0.21906382294605609,0.8779999999999967,normal
15.26,9.830737683705086,0.03171516354386554,0.25,0.25,0.22007048402569618,0.8819999999999966,normal
15.28,9.856551336421413,0.0322167972318113,0.25,0.25,0.22107708271563467,0.8859999999999965,normal
15.3,9.836039262614623,0.03185629646789792,0.25,0.25,0.2220836199014692,0.8899999999999967,normal
15.32,9.78824377236577,0.031661061004835914,0.25,0.25,0.22309009645185104,0.8939999999999966,normal
15.34,9.757535637463565,0.03218821521478482,0.25,0.25,0.22409651321889615,0.8979999999999965,normal
15.36,9.772422644703562,0.03193461985902464,0.25,0.25,0.22510287103858248,0.9019999999999964,normal
15.38,9.819084494358242,0.031622918566702136,0.25,0.25,0.22610917073113682,0.9059999999999966,normal
15.4,9.854202825814758,0.03214250227897163,0.25,0.25,0.22711541310140937,0.9099999999999965,normal
15.42,9.84517566213879,0.03201152947722113,0.25,0.25,0.22812159893923892,0.9139999999999964,normal
15.44,9.800383338321788,0.031603191037419424,0.25,0.25,0.22912772901980613,0.9179999999999963,normal
15.46,9.761408647376697,0.03208246360933475,0.25,0.25,0.23013380410397752,0.9219999999999965,normal
15.48,9.764433603724898,0.03208222044994375,0.25,0.25,0.23113982493863888,0.9259999999999964,normal
15.5,9.806649999999996,0.03160315466693723,0.25,0.25,0.2321457922570205,0.9299999999999963,normal
15.52,9.8488663962751,0.032011804285083656,0.25,0.25,0.23315170677901206,0.9339999999999962,normal
15.54,9.851891352623301,0.032142305226309995,0.25,0.25,0.23415756921146919,0.9379999999999961,normal
15.56,9.812916661678216,0.03162281060748844,0.25,0.25,0.23516338024851155,0.9419999999999963,normal
15.58,9.768124337861213,0.03193490860198736,0.25,0.25,0.23616914057181213,0.9459999999999962,normal
15.6,9.759097174185241,0.03218807704105335,0.25,0.25,0.2371748508508796,0.9499999999999961,normal
15.62,9.794215505641752,0.03166088980751312,0.25,0.25,0.23818051174333185,0.953999999999996,normal
15.64,9.840877355296433,0.03185658178834506,0.25,0.25,0.2391861238951627,0.9579999999999962,normal
15.66,9.855764362536434,0.032216725640436296,0.25,0.25,0.24019168794100065,0.9619999999999961,normal
15.68,9.825056227634235,0.03171493835472173,0.25,0.25,0.24119720450436194,0.965999999999996,normal
15.7,9.777260737385381,0.03178175235864378,0.25,0.25,0.2422026741978954,0.9699999999999959,normal
15.72,9.756748663578586,0.032226497908141645,0.25,0.25,0.24320809762362172,0.9739999999999961,normal
15.74,9.782562316294912,0.031781489210353946,0.25,0.25,0.2442134753731654,0.977999999999996,normal
15.76,9.830737683705081,0.031715163013472034,0.25,0.25,0.2452188080279819,0.9819999999999959,normal
15.78,9.856551336421413,0.032216797002979886,0.25,0.25,0.24622409615957752,0.9859999999999958,normal
15.8,9.836039262614623,0.03185629666217064,0.25,0.25,0.24722934032972424,0.989999999999996,normal
15.82,9.788243772365767,0.0316610613727569,0.25,0.25,0.24823454109066825,0.9939999999999959,normal
15.84,9.757535637463565,0.032188215407433475,0.25,0.25,0.24923969898533435,0.9979999999999958,normal
15.86,9.772422644703564,0.03193461975737587,0.25,0.25,0.25,1.0,normal
15.88,9.819084494358242,0.031622918315643476,0.25,0.25,0.25,1.0,normal
15.9,9.854202825814756,0.03214250212378988,0.25,0.25,0.25,1.0,normal
15.92,9.84517566213879,0.03201152952376149,0.25,0.25,0.25,1.0,normal
15.94,9.800383338321788,0.03160319120583152,0.25,0.25,0.25,1.0,normal
15.96,9.7614086473767,0.03208246373032674,0.25,0.25,0.25,1.0,normal
15.98,9.7644336037249,0.03208222043471727,0.25,0.25,0.25,1.0,normal
16.0,9.806649999999998,0.03178148919690705,0.25,0.25,0.25,1.0,normal
16.02,9.848866396275097,0.03178148919690705,0.25,0.25,0.25,1.0,normal
16.04,9.851891352623301,0.03178148919690705,0.25,0.25,0.25,1.0,normal
16.06,9.81291666167822,0.03178148919690705,0.25,0.25,0.25,1.0,normal
16.08,9.768124337861215,0.03178148919690705,0.25,0.25,0.25,1.0,normal
16.1,9.759097174185241,0.03178148919690705,0.25,0.0,0.0,1.0,imu_stale
16.12,9.794215505641759,0.03178148919690705,0.25,0.0,0.0,1.0,imu_stale
16.14,9.840877355296433,0.03178148919690705,0.25,0.0,0.0,1.0,imu_stale
16.16,9.855764362536435,0.03178148919690705,0.25,0.0,0.0,1.0,imu_stale
16.18,9.825056227634235,0.03178148919690705,0.25,0.0,0.0,1.0,imu_stale
16.2,9.77726073738538,0.03178148919690705,0.25,0.0,0.0,1.0,imu_stale
16.22,9.756748663578586,0.03178148919690705,0.25,0.0,0.0,1.0,imu_stale
16.24,9.782562316294909,0.03178148919690705,0.25,0.0,0.0,1.0,imu_stale
16.26,9.830737683705088,0.03178148919690705,0.25,0.0,0.0,1.0,imu_stale
16.28,9.856551336421413,0.03178148919690705,0.25,0.0,0.0,1.0,imu_stale
16.3,9.836039262614621,0.03178148919690705,0.25,0.0,0.0,1.0,imu_stale
16.32,9.788243772365766,0.03178148919690705,0.25,0.0,0.0,1.0,imu_stale
16.34,9.757535637463565,0.03178148919690705,0.25,0.0,0.0,1.0,imu_stale
16.36,9.772422644703564,0.03178148919690705,0.25,0.0,0.0,1.0,imu_stale
16.38,9.819084494358238,0.03178148919690705,0.25,0.0,0.0,1.0,imu_stale
16.4,9.854202825814754,0.03178148919690705,0.25,0.0,0.0,1.0,imu_stale
16.42,9.845175662138788,0.03178148919690705,0.25,0.0,0.0,1.0,imu_stale
16.44,9.800383338321781,0.03178148919690705,0.25,0.0,0.0,1.0,imu_stale
16.46,9.761408647376697,0.03178148919690705,0.25,0.0,0.0,1.0,imu_stale
16.48,9.764433603724898,0.03178148919690705,0.25,0.0,0.0,1.0,imu_stale
16.5,9.80665,0.0,0.25,0.0,0.0,1.0,imu_warming_up_or_low_rate
16.52,9.848866396275099,0.02541134464053455,0.25,0.0,0.0,1.0,imu_warming_up_or_low_rate
16.54,9.851891352623303,0.03280820545199295,0.25,0.0,0.0,1.0,imu_warming_up_or_low_rate
16.56,9.81291666167822,0.02864944939558576,0.25,0.0,0.0,1.0,imu_warming_up_or_low_rate
16.58,9.768124337861215,0.028659113232363927,0.25,0.0,0.0,1.0,imu_warming_up_or_low_rate
16.6,9.759097174185243,0.03314321386197579,0.25,0.0,0.0,1.0,imu_warming_up_or_low_rate
16.62,9.794215505641755,0.032341300529534524,0.25,0.0,0.0,1.0,imu_warming_up_or_low_rate
16.64,9.840877355296435,0.03079566994404081,0.25,0.0,0.0,1.0,imu_warming_up_or_low_rate
16.66,9.855764362536434,0.03227006439837507,0.25,0.0,0.0,1.0,imu_warming_up_or_low_rate
16.68,9.825056227634233,0.03175097657525158,0.25,0.0,0.0,1.0,imu_warming_up_or_low_rate
16.7,9.777260737385378,0.030691636080881702,0.25,0.0,0.0,1.0,imu_warming_up_or_low_rate
16.72,9.756748663578586,0.03213023733524582,0.25,0.0,0.0,1.0,imu_warming_up_or_low_rate
16.74,9.78256231629491,0.03230225120422074,0.25,0.0,0.0,1.0,imu_warming_up_or_low_rate
16.76,9.83073768370509,0.031246180186680784,0.25,0.0,0.0,1.0,imu_warming_up_or_low_rate
16.78,9.856551336421413,0.03193145130990109,0.25,0.0,0.0,1.0,imu_warming_up_or_low_rate
16.8,9.836039262614625,0.03214654526706596,0.25,0.0,0.0,1.0,imu_warming_up_or_low_rate
16.82,9.788243772365764,0.031263933496145695,0.25,0.0,0.0,1.0,imu_warming_up_or_low_rate
16.84,9.757535637463565,0.0318030283943114,0.25,0.0,0.0,1.0,imu_warming_up_or_low_rate
16.86,9.77242264470356,0.032268632568663705,0.25,0.0,0.0,1.0,imu_warming_up_or_low_rate
16.88,9.81908449435824,0.03152253602050766,0.25,0.0,0.0,1.0,imu_warming_up_or_low_rate
16.9,9.854202825814756,0.03173162942257797,0.25,0.0,0.0,1.0,imu_warming_up_or_low_rate
16.92,9.845175662138788,0.03219676175403825,0.25,0.0,0.0,1.0,imu_warming_up_or_low_rate
16.94,9.800383338321785,0.031587505221033006,0.25,0.0,0.0,1.0,imu_warming_up_or_low_rate
16.96,9.761408647376697,0.031656533679946676,0.25,0.0,0.0,1.0,imu_warming_up_or_low_rate
16.98,9.764433603724898,0.032195435929988636,0.25,0.0,0.0,1.0,imu_warming_up_or_low_rate
17.0,9.806650000000001,0.0317372239377967,0.25,0.0,0.0,1.0,imu_warming_up_or_low_rate
17.02,9.848866396275099,0.03186226856367185,0.25,0.0,0.0,1.0,imu_warming_up_or_low_rate
17.04,9.851891352623303,0.032195285204519974,0.25,0.0,0.0,1.0,imu_warming_up_or_low_rate
17.06,9.812916661678218,0.03185263558351721,0.25,0.0,0.0,1.0,imu_warming_up_or_low_rate
17.08,9.768124337861213,0.03214657666069947,0.25,0.0,0.0,1.0,imu_warming_up_or_low_rate
17.1,9.759097174185243,0.03223856338833449,0.25,0.0,0.0,1.0,imu_warming_up_or_low_rate
17.12,9.794215505641755,0.03156408371816633,0.25,0.0,0.0,1.0,imu_warming_up_or_low_rate
17.14,9.840877355296435,0.03174275075085455,0.25,0.0,0.0,1.0,imu_warming_up_or_low_rate
17.16,9.855764362536434,0.03219814470755173,0.25,0.0,0.0,1.0,imu_warming_up_or_low_rate
17.18,9.825056227634237,0.031797182846173486,0.25,0.0,0.0,1.0,imu_warming_up_or_low_rate
17.2,9.777260737385378,0.031882761135286146,0.25,0.0,0.0,1.0,imu_warming_up_or_low_rate
17.22,9.756748663578586,0.03226414847944179,0.25,0.0,0.0,1.0,imu_warming_up_or_low_rate
17.24,9.782562316294907,0.03174361152910072,0.25,0.0,0.0,1.0,imu_warming_up_or_low_rate
17.26,9.830737683705085,0.031653191182845895,0.25,0.0,0.0,1.0,imu_warming_up_or_low_rate
17.28,9.856551336421413,0.032191377052386845,0.25,0.0,0.0,1.0,imu_warming_up_or_low_rate
17.3,9.836039262614623,0.0318827030422404,0.25,0.0,0.0,1.0,imu_warming_up_or_low_rate
17.32,9.78824377236577,0.031708470468661855,0.25,0.0,0.0,1.0,imu_warming_up_or_low_rate
17.34,9.757535637463565,0.03221350414573817,0.25,0.0,0.0,1.0,imu_warming_up_or_low_rate
17.36,9.772422644703562,0.03192314243797821,0.25,0.0,0.0,1.0,imu_warming_up_or_low_rate
17.38,9.819084494358242,0.03159267646949622,0.25,0.0,0.0,1.0,imu_warming_up_or_low_rate
17.4,9.854202825814756,0.03212394884184563,0.25,0.0,0.0,1.0,imu_warming_up_or_low_rate
17.42,9.845175662138786,0.032017836387295384,0.25,0.0,0.0,1.0,imu_warming_up_or_low_rate
17.44,9.800383338321783,0.0316244850994723,0.25,0.0,0.0,1.0,imu_warming_up_or_low_rate
17.46,9.761408647376697,0.03209778628355864,0.25,0.0,0.0,1.0,imu_warming_up_or_low_rate
17.48,9.764433603724898,0.03208059221352637,0.25,0.0,0.0,1.0,imu_warming_up_or_low_rate
17.5,9.806649999999996,0.031589610029135,0.25,0.0,0.0,1.0,imu_warming_up_or_low_rate
17.52,9.848866396275099,0.032000568015481914,0.25,0.0,0.0,1.0,imu_warming_up_or_low_rate
17.54,9.851891352623301,0.032142257618993385,0.25,0.0,0.0,1.0,imu_warming_up_or_low_rate
17.56,9.812916661678221,0.03163178147739665,0.25,0.0,0.0,1.0,imu_warming_up_or_low_rate
17.58,9.768124337861213,0.03194345556870731,0.25,0.0,0.0,1.0,imu_warming_up_or_low_rate
17.6,9.759097174185243,0.032189278615793106,0.25,0.0,0.0,1.0,imu_warming_up_or_low_rate
17.62,9.794215505641757,0.031655342002635846,0.25,0.0,0.0,1.0,imu_warming_up_or_low_rate
17.64,9.840877355296433,0.03185043889074972,0.25,0.0,0.0,1.0,imu_warming_up_or_low_rate
17.66,9.855764362536434,0.032215266577323785,0.25,0.0,0.0,1.0,imu_warming_up_or_low_rate
17.68,9.825056227634237,0.03171839162039836,0.25,0.0,0.0,1.0,imu_warming_up_or_low_rate
17.7,9.777260737385381,0.03178619956841454,0.25,0.0,0.0,1.0,imu_warming_up_or_low_rate
17.72,9.756748663578586,0.032228010253724425,0.25,0.0,0.0,1.0,imu_warming_up_or_low_rate
17.74,9.782562316294907,0.03177947024917332,0.25,0.0,0.0,1.0,imu_warming_up_or_low_rate
17.76,9.830737683705086,0.03171204840318463,0.25,0.0,0.0,1.0,imu_warming_up_or_low_rate
17.78,9.856551336421413,0.03221545621930231,0.25,0.0,0.0,1.0,imu_warming_up_or_low_rate
17.8,9.836039262614623,0.03185744584953854,0.25,0.0,0.0,1.0,imu_warming_up_or_low_rate
17.82,9.788243772365767,0.03166323187540303,0.25,0.0,0.0,1.0,imu_warming_up_or_low_rate
17.84,9.757535637463565,0.032189352961144536,0.25,0.0,0.0,1.0,imu_warming_up_or_low_rate
17.86,9.772422644703562,0.03193402375208715,0.25,0.0,0.0,1.0,imu_warming_up_or_low_rate
17.88,9.819084494358236,0.03162144198857008,0.25,0.0,0.0,1.0,imu_warming_up_or_low_rate
17.9,9.854202825814756,0.032141589907005726,0.25,0.0,0.0,1.0,imu_warming_up_or_low_rate
17.92,9.845175662138786,0.03201180478199414,0.25,0.0,0.0,1.0,imu_warming_up_or_low_rate
17.94,9.800383338321783,0.03160418381053319,0.25,0.0,0.0,1.0,imu_warming_up_or_low_rate
17.96,9.7614086473767,0.032083176900619285,0.25,0.0,0.0,1.0,imu_warming_up_or_low_rate
17.98,9.7644336037249,0.032082131362152905,0.25,0.0,0.0,1.0,imu_warming_up_or_low_rate
18.0,9.806649999999998,0.031602501877451346,0.0,0.0,0.0,1.0,imu_warming_up_or_low_rate
18.02,9.848866396275097,0.03201126324987556,0.0,0.0,0.0,1.0,imu_warming_up_or_low_rate
18.04,9.851891352623301,0.032142297333121586,0.0,0.0,0.0,1.0,imu_warming_up_or_low_rate
18.06,9.81291666167822,0.03162323244520512,0.0,0.0,0.0,1.0,imu_warming_up_or_low_rate
18.08,9.768124337861215,0.031935311296035496,0.0,0.0,0.0,1.0,imu_warming_up_or_low_rate
18.1,9.759097174185241,0.032188131430427314,0.0,0.0,0.0,1.0,imu_warming_up_or_low_rate
18.12,9.794215505641759,0.03166062406017393,0.0,0.0,0.0,1.0,imu_warming_up_or_low_rate
18.14,9.840877355296433,0.03185628824583336,0.0,0.0,0.0,1.0,imu_warming_up_or_low_rate
18.16,9.855764362536435,0.032216655010682896,0.0,0.0,0.0,1.0,imu_warming_up_or_low_rate
18.18,9.825056227634235,0.031715101414705966,0.0,0.0,0.0,1.0,imu_warming_up_or_low_rate
18.2,9.77726073738538,0.031781962878905244,0.0,0.0,0.0,1.0,imu_warming_up_or_low_rate
18.22,9.756748663578586,0.032226569145090936,0.0,0.0,0.0,1.0,imu_warming_up_or_low_rate
18.24,9.782562316294909,0.031781392781377135,0.0,0.0,0.0,1.0,imu_warming_up_or_low_rate
18.26,9.830737683705088,0.03171501463378694,0.0,0.0,0.0,1.0,imu_warming_up_or_low_rate
18.28,9.856551336421413,0.03221673299321093,0.0,0.0,0.0,1.0,imu_warming_up_or_low_rate
18.3,9.836039262614621,0.0318563510296639,0.0,0.0,0.0,1.0,imu_warming_up_or_low_rate
18.32,9.788243772365766,0.0316611643226775,0.0,0.0,0.0,1.0,imu_warming_up_or_low_rate
18.34,9.757535637463565,0.03218826931581658,0.0,0.0,0.0,1.0,imu_warming_up_or_low_rate
18.36,9.772422644703564,0.03193459132272735,0.0,0.0,0.0,1.0,imu_warming_up_or_low_rate
18.38,9.819084494358238,0.031622848076306456,0.0,0.0,0.0,1.0,imu_warming_up_or_low_rate
18.4,9.854202825814754,0.03214245870889204,0.0,0.0,0.0,1.0,imu_warming_up_or_low_rate
18.42,9.845175662138788,0.03201154254806546,0.0,0.0,0.0,1.0,imu_warming_up_or_low_rate
18.44,9.800383338321781,0.03160323832803501,0.0,0.0,0.0,1.0,imu_warming_up_or_low_rate
18.46,9.7614086473767,0.03208249758437241,0.0,0.0,0.0,1.0,imu_warming_up_or_low_rate
18.48,9.764433603724896,0.032082216175832394,0.0,0.0,0.0,1.0,imu_warming_up_or_low_rate
18.5,9.80665,0.031603123522178735,0.0,0.0,0.0,1.0,imu_warming_up_or_low_rate
18.52,9.848866396275099,0.03201177847326836,0.0,0.0,0.0,1.0,imu_warming_up_or_low_rate
18.54,9.851891352623303,0.032142304837214385,0.0,0.0,0.0,1.0,imu_warming_up_or_low_rate
18.56,9.81291666167822,0.03162283070998249,0.0,0.0,0.0,1.0,imu_warming_up_or_low_rate
18.58,9.768124337861215,0.03193492779400568,0.0,0.0,0.0,1.0,imu_warming_up_or_low_rate
18.6,9.759097174185243,0.032188079628115235,0.0,0.0,0.0,1.0,imu_warming_up_or_low_rate
18.62,9.794215505641755,0.0316608771322743,0.0,0.0,0.0,1.0,imu_warming_up_or_low_rate
18.64,9.840877355296435,0.03185656778896872,0.0,0.0,0.0,1.0,imu_warming_up_or_low_rate
18.66,9.855764362536434,0.03221672226997431,0.0,0.0,0.0,1.0,imu_warming_up_or_low_rate
18.68,9.825056227634233,0.031714946126820937,0.0,0.0,0.0,1.0,imu_warming_up_or_low_rate
18.7,9.777260737385378,0.031781762394095664,0.0,0.0,0.0,1.0,imu_warming_up_or_low_rate
18.72,9.756748663578586,0.03222650130318175,0.0,0.0,0.0,1.0,imu_warming_up_or_low_rate
18.74,9.78256231629491,0.03178148461165099,0.0,0.0,0.0,1.0,imu_warming_up_or_low_rate
18.76,9.83073768370509,0.03171515593809528,0.0,0.0,0.0,1.0,imu_warming_up_or_low_rate
18.78,9.856551336421413,0.0322167939504122,0.0,0.0,0.0,1.0,imu_warming_up_or_low_rate
18.8,9.836039262614625,0.03185629925377808,0.0,0.0,0.0,1.0,imu_warming_up_or_low_rate
18.82,9.788243772365766,0.03166106628081502,0.0,0.0,0.0,1.0,imu_warming_up_or_low_rate
18.84,9.757535637463565,0.032188217977363515,0.0,0.0,0.0,1.0,imu_warming_up_or_low_rate
18.86,9.77242264470356,0.03193461840139223,0.0,0.0,0.0,1.0,imu_warming_up_or_low_rate
18.88,9.81908449435824,0.03162291496653768,0.0,0.0,0.0,1.0,imu_warming_up_or_low_rate
18.9,9.854202825814756,0.03214250005367461,0.0,0.0,0.0,1.0,imu_warming_up_or_low_rate
18.92,9.845175662138788,0.03201153014460787,0.0,0.0,0.0,1.0,imu_warming_up_or_low_rate
18.94,9.800383338321785,0.031603193452437166,0.0,0.0,0.0,1.0,imu_warming_up_or_low_rate
18.96,9.761408647376697,0.03208246534435012,0.0,0.0,0.0,1.0,imu_warming_up_or_low_rate
18.98,9.764433603724898,0.03208222023159411,0.0,0.0,0.0,1.0,imu_warming_up_or_low_rate
19.0,9.806649999999994,0.031603153076318925,0.0,0.0,0.0,1.0,imu_warming_up_or_low_rate
19.02,9.848866396275099,0.03201180296682981,0.0,0.0,0.0,1.0,imu_warming_up_or_low_rate
19.04,9.851891352623303,0.032142305206401205,0.0,0.0,0.0,1.0,imu_warming_up_or_low_rate
19.06,9.812916661678218,0.03162281163409031,0.0,0.0,0.0,1.0,imu_warming_up_or_low_rate
19.08,9.768124337861213,0.03193490958209684,0.0,0.0,0.0,1.0,imu_warming_up_or_low_rate
19.1,9.759097174185243,0.03218807717315298,0.0,0.0,0.0,1.0,imu_warming_up_or_low_rate
19.12,9.794215505641755,0.0316608891601711,0.0,0.0,0.0,1.0,imu_warming_up_or_low_rate
19.14,9.840877355296435,0.0318565810733821,0.0,0.0,0.0,1.0,imu_warming_up_or_low_rate
19.16,9.855764362536434,0.03221672546829321,0.0,0.0,0.0,1.0,imu_warming_up_or_low_rate
19.18,9.825056227634237,0.03171493875162995,0.0,0.0,0.0,1.0,imu_warming_up_or_low_rate
19.2,9.777260737385378,0.03178175287114264,0.0,0.0,0.0,1.0,imu_warming_up_or_low_rate
19.22,9.756748663578586,0.032226498081516154,0.0,0.0,0.0,1.0,imu_warming_up_or_low_rate
19.24,9.782562316294907,0.031781488975489235,0.0,0.0,0.0,1.0,imu_warming_up_or_low_rate
19.26,9.830737683705085,0.03171516265212429,0.0,0.0,0.0,1.0,imu_warming_up_or_low_rate
19.28,9.856551336421413,0.03221679684707718,0.0,0.0,0.0,1.0,imu_warming_up_or_low_rate
19.3,9.836039262614623,0.03185629679451581,0.0,0.0,0.0,1.0,imu_warming_up_or_low_rate
19.32,9.78824377236577,0.0316610616234033,0.0,0.0,0.0,1.0,imu_warming_up_or_low_rate
19.34,9.757535637463565,0.032188215538672175,0.0,0.0,0.0,1.0,imu_warming_up_or_low_rate
19.36,9.772422644703562,0.03193461968811868,0.0,0.0,0.0,1.0,imu_warming_up_or_low_rate
19.38,9.81908449435824,0.03162291814459772,0.0,0.0,0.0,1.0,imu_warming_up_or_low_rate
19.4,9.854202825814756,0.03214250201806225,0.0,0.0,0.0,1.0,imu_warming_up_or_low_rate
19.42,9.845175662138786,0.032011529555461216,0.0,0.0,0.0,1.0,imu_warming_up_or_low_rate
19.44,9.800383338321783,0.031603191320558666,0.0,0.0,0.0,1.0,imu_warming_up_or_low_rate
19.46,9.761408647376697,0.03208246381274809,0.0,0.0,0.0,1.0,imu_warming_up_or_low_rate
19.48,9.764433603724898,0.03208222042433722,0.0,0.0,0.0,1.0,imu_warming_up_or_low_rate
19.5,9.806649999999996,0.03160315448044073,0.0,0.0,0.0,1.0,imu_warming_up_or_low_rate
19.52,9.848866396275099,0.032011804130520315,0.0,0.0,0.0,1.0,imu_warming_up_or_low_rate
19.54,9.851891352623301,0.03214230522396974,0.0,0.0,0.0,1.0,imu_warming_up_or_low_rate
19.56,9.812916661678221,0.03162281072784511,0.0,0.0,0.0,1.0,imu_warming_up_or_low_rate
19.58,9.768124337861213,0.03193490871689312,0.0,0.0,0.0,1.0,imu_warming_up_or_low_rate
19.6,9.759097174185243,0.032188077056535265,0.0,0.0,0.0,1.0,imu_warming_up_or_low_rate
19.62,9.794215505641757,0.03166088973161018,0.0,0.0,0.0,1.0,imu_warming_up_or_low_rate
19.64,9.840877355296431,0.03185658170451403,0.0,0.0,0.0,1.0,imu_warming_up_or_low_rate
19.66,9.855764362536434,0.03221672562024761,0.0,0.0,0.0,1.0,imu_warming_up_or_low_rate
19.68,9.825056227634237,0.031714938401250704,0.0,0.0,0.0,1.0,imu_warming_up_or_low_rate
19.7,9.777260737385381,0.03178175241872503,0.0,0.0,0.0,1.0,imu_warming_up_or_low_rate
19.72,9.756748663578586,0.03222649792846272,0.0,0.0,0.0,1.0,imu_warming_up_or_low_rate
19.74,9.782562316294907,0.031781489182811457,0.0,0.0,0.0,1.0,imu_warming_up_or_low_rate
19.76,9.830737683705086,0.031715162971100136,0.0,0.0,0.0,1.0,imu_warming_up_or_low_rate
19.78,9.856551336421413,0.03221679698469535,0.0,0.0,0.0,1.0,imu_warming_up_or_low_rate
19.8,9.836039262614623,0.031856296677681466,0.0,0.0,0.0,1.0,imu_warming_up_or_low_rate
19.82,9.788243772365767,0.031661061402137806,0.0,0.0,0.0,1.0,imu_warming_up_or_low_rate
19.84,9.757535637463565,0.0321882154228145,0.0,0.0,0.0,1.0,imu_warming_up_or_low_rate
19.86,9.772422644703562,0.03193461974924966,0.0,0.0,0.0,1.0,imu_warming_up_or_low_rate
19.88,9.819084494358236,0.03162291829558305,0.0,0.0,0.0,1.0,imu_warming_up_or_low_rate
19.9,9.854202825814756,0.032142502111387854,0.0,0.0,0.0,1.0,imu_warming_up_or_low_rate
19.92,9.845175662138786,0.0320115295274721,0.0,0.0,0.0,1.0,imu_warming_up_or_low_rate
19.94,9.800383338321783,0.0316031912192766,0.0,0.0,0.0,1.0,imu_warming_up_or_low_rate
19.96,9.7614086473767,0.03208246373998415,0.0,0.0,0.0,1.0,imu_warming_up_or_low_rate
19.98,9.7644336037249,0.03208222043349415,0.0,0.0,0.0,1.0,imu_warming_up_or_low_rate
20.0,9.806649999999998,0.03160315454714833,0.0,0.0,0.0,1.0,imu_warming_up_or_low_rate
